RecordKey,SourceSheet,SourceRowNumber,RecordID,MoldCode,MoldCodeNorm,RequestLetterNo,RequestLetterNoNorm,ProposedRepairCaseID,RepairSequenceNo,DetectionBasis,Confidence
1405-فروردین-150,فروردین,151,150,01S,01S,522/د/05,522/د/05,RC-1405-0001,1,MoldCodeNorm + RequestLetterNoNorm,HIGH
1405-فروردین-159,فروردین,160,159,01S,01S,522/د/05,522/د/05,RC-1405-0001,1,MoldCodeNorm + RequestLetterNoNorm,HIGH
1405-فروردین-169,فروردین,170,169,01S,01S,522/د/05,522/د/05,RC-1405-0001,1,MoldCodeNorm + RequestLetterNoNorm,HIGH
1405-فروردین-86,فروردین,87,86,02s,02S,404/د/05,404/د/05,RC-1405-0002,1,MoldCodeNorm + RequestLetterNoNorm,HIGH
1405-فروردین-88,فروردین,89,88,02s,02S,404/د/05,404/د/05,RC-1405-0002,1,MoldCodeNorm + RequestLetterNoNorm,HIGH
1405-فروردین-90,فروردین,91,90,02s,02S,404/د/05,404/د/05,RC-1405-0002,1,MoldCodeNorm + RequestLetterNoNorm,HIGH
1405-فروردین-92,فروردین,93,92,02s,02S,404/د/05,404/د/05,RC-1405-0002,1,MoldCodeNorm + RequestLetterNoNorm,HIGH
1405-فروردین-113,فروردین,114,113,02s,02S,404/د/05,404/د/05,RC-1405-0002,1,MoldCodeNorm + RequestLetterNoNorm,HIGH
1405-فروردین-132,فروردین,133,132,02s,02S,404/د/05,404/د/05,RC-1405-0002,1,MoldCodeNorm + RequestLetterNoNorm,HIGH
1405-فروردین-161,فروردین,162,161,02s,02S,404/د/05,404/د/05,RC-1405-0002,1,MoldCodeNorm + RequestLetterNoNorm,HIGH
1405-فروردین-163,فروردین,164,163,02s,02S,404/د/05,404/د/05,RC-1405-0002,1,MoldCodeNorm + RequestLetterNoNorm,HIGH
1405-فروردین-183,فروردین,184,183,02s,02S,404/د/05,404/د/05,RC-1405-0002,1,MoldCodeNorm + RequestLetterNoNorm,HIGH
1405-فروردین-287,فروردین,288,287,02s,02S,404/د/05,404/د/05,RC-1405-0002,1,MoldCodeNorm + RequestLetterNoNorm,HIGH
1405-اردیبهشت-89,اردیبهشت,90,89,02s,02S,404/د/05,404/د/05,RC-1405-0002,1,MoldCodeNorm + RequestLetterNoNorm,HIGH
1405-اردیبهشت-150,اردیبهشت,151,150,02s,02S,404/د/05,404/د/05,RC-1405-0002,1,MoldCodeNorm + RequestLetterNoNorm,HIGH
1405-اردیبهشت-320,اردیبهشت,321,320,02s,02S,404/د/05,404/د/05,RC-1405-0002,1,MoldCodeNorm + RequestLetterNoNorm,HIGH
1405-اردیبهشت-347,اردیبهشت,348,347,02s,02S,404/د/05,404/د/05,RC-1405-0002,1,MoldCodeNorm + RequestLetterNoNorm,HIGH
1405-اردیبهشت-451,اردیبهشت,452,451,02s,02S,404/د/05,404/د/05,RC-1405-0002,1,MoldCodeNorm + RequestLetterNoNorm,HIGH
1405-اردیبهشت-452,اردیبهشت,453,452,02s,02S,404/د/05,404/د/05,RC-1405-0002,1,MoldCodeNorm + RequestLetterNoNorm,HIGH
1405-اردیبهشت-537,اردیبهشت,538,537,02s,02S,404/د/05,404/د/05,RC-1405-0002,1,MoldCodeNorm + RequestLetterNoNorm,HIGH
1405-اردیبهشت-486,اردیبهشت,487,486,02s,02S,404/د/05,404/د/05,RC-1405-0002,1,MoldCodeNorm + RequestLetterNoNorm,HIGH
1405-اردیبهشت-496,اردیبهشت,497,496,02s,02S,404/د/05,404/د/05,RC-1405-0002,1,MoldCodeNorm + RequestLetterNoNorm,HIGH
1405-اردیبهشت-519,اردیبهشت,520,519,02s,02S,404/د/05,404/د/05,RC-1405-0002,1,MoldCodeNorm + RequestLetterNoNorm,HIGH
1405-اردیبهشت-527,اردیبهشت,528,527,02s,02S,404/د/05,404/د/05,RC-1405-0002,1,MoldCodeNorm + RequestLetterNoNorm,HIGH
1405-خرداد-497,خرداد,498,497,02s,02S,404/د/05,404/د/05,RC-1405-0002,1,MoldCodeNorm + RequestLetterNoNorm,HIGH
1405-فروردین-87,فروردین,88,87,03s,03S,407/د/05,407/د/05,RC-1405-0003,1,MoldCodeNorm + RequestLetterNoNorm,HIGH
1405-فروردین-91,فروردین,92,91,03s,03S,407/د/05,407/د/05,RC-1405-0003,1,MoldCodeNorm + RequestLetterNoNorm,HIGH
1405-فروردین-141,فروردین,142,141,03s,03S,407/د/05,407/د/05,RC-1405-0003,1,MoldCodeNorm + RequestLetterNoNorm,HIGH
1405-فروردین-182,فروردین,183,182,03s,03S,407/د/05,407/د/05,RC-1405-0003,1,MoldCodeNorm + RequestLetterNoNorm,HIGH
1405-فروردین-213,فروردین,214,213,03s,03S,407/د/05,407/د/05,RC-1405-0003,1,MoldCodeNorm + RequestLetterNoNorm,HIGH
1405-اردیبهشت-202,اردیبهشت,203,202,03s,03S,407/د/05,407/د/05,RC-1405-0003,1,MoldCodeNorm + RequestLetterNoNorm,HIGH
1405-اردیبهشت-262,اردیبهشت,263,262,03s,03S,407/د/05,407/د/05,RC-1405-0003,1,MoldCodeNorm + RequestLetterNoNorm,HIGH
1405-اردیبهشت-273,اردیبهشت,274,273,03s,03S,407/د/05,407/د/05,RC-1405-0003,1,MoldCodeNorm + RequestLetterNoNorm,HIGH
1405-اردیبهشت-465,اردیبهشت,466,465,03s,03S,407/د/05,407/د/05,RC-1405-0003,1,MoldCodeNorm + RequestLetterNoNorm,HIGH
1405-اردیبهشت-468,اردیبهشت,469,468,03s,03S,407/د/05,407/د/05,RC-1405-0003,1,MoldCodeNorm + RequestLetterNoNorm,HIGH
1405-اردیبهشت-474,اردیبهشت,475,474,03s,03S,407/د/05,407/د/05,RC-1405-0003,1,MoldCodeNorm + RequestLetterNoNorm,HIGH
1405-اردیبهشت-475,اردیبهشت,476,475,03s,03S,407/د/05,407/د/05,RC-1405-0003,1,MoldCodeNorm + RequestLetterNoNorm,HIGH
1405-اردیبهشت-481,اردیبهشت,482,481,03s,03S,407/د/05,407/د/05,RC-1405-0003,1,MoldCodeNorm + RequestLetterNoNorm,HIGH
1405-اردیبهشت-631,اردیبهشت,632,631,03s,03S,407/د/05,407/د/05,RC-1405-0003,1,MoldCodeNorm + RequestLetterNoNorm,HIGH
1405-اردیبهشت-633,اردیبهشت,634,633,03s,03S,407/د/05,407/د/05,RC-1405-0003,1,MoldCodeNorm + RequestLetterNoNorm,HIGH
1405-اردیبهشت-754,اردیبهشت,755,754,03s,03S,407/د/05,407/د/05,RC-1405-0003,1,MoldCodeNorm + RequestLetterNoNorm,HIGH
1405-اردیبهشت-791,اردیبهشت,792,791,03s,03S,407/د/05,407/د/05,RC-1405-0003,1,MoldCodeNorm + RequestLetterNoNorm,HIGH
1405-خرداد-39,خرداد,40,39,03s,03S,407/د/05,407/د/05,RC-1405-0003,1,MoldCodeNorm + RequestLetterNoNorm,HIGH
1405-خرداد-40,خرداد,41,40,03s,03S,407/د/05,407/د/05,RC-1405-0003,1,MoldCodeNorm + RequestLetterNoNorm,HIGH
1405-خرداد-51,خرداد,52,51,03s,03S,407/د/05,407/د/05,RC-1405-0003,1,MoldCodeNorm + RequestLetterNoNorm,HIGH
1405-خرداد-60,خرداد,61,60,03s,03S,407/د/05,407/د/05,RC-1405-0003,1,MoldCodeNorm + RequestLetterNoNorm,HIGH
1405-خرداد-92,خرداد,93,92,03s,03S,407/د/05,407/د/05,RC-1405-0003,1,MoldCodeNorm + RequestLetterNoNorm,HIGH
1405-خرداد-72,خرداد,73,72,03s,03S,407/د/05,407/د/05,RC-1405-0003,1,MoldCodeNorm + RequestLetterNoNorm,HIGH
1405-خرداد-78,خرداد,79,78,03s,03S,407/د/05,407/د/05,RC-1405-0003,1,MoldCodeNorm + RequestLetterNoNorm,HIGH
1405-خرداد-94,خرداد,95,94,03s,03S,407/د/05,407/د/05,RC-1405-0003,1,MoldCodeNorm + RequestLetterNoNorm,HIGH
1405-خرداد-100,خرداد,101,100,03s,03S,407/د/05,407/د/05,RC-1405-0003,1,MoldCodeNorm + RequestLetterNoNorm,HIGH
1405-خرداد-102,خرداد,103,102,03s,03S,407/د/05,407/د/05,RC-1405-0003,1,MoldCodeNorm + RequestLetterNoNorm,HIGH
1405-خرداد-110,خرداد,111,110,03s,03S,407/د/05,407/د/05,RC-1405-0003,1,MoldCodeNorm + RequestLetterNoNorm,HIGH
1405-خرداد-138,خرداد,139,138,03s,03S,407/د/05,407/د/05,RC-1405-0003,1,MoldCodeNorm + RequestLetterNoNorm,HIGH
1405-خرداد-141,خرداد,142,141,03s,03S,407/د/05,407/د/05,RC-1405-0003,1,MoldCodeNorm + RequestLetterNoNorm,HIGH
1405-خرداد-208,خرداد,209,208,03s,03S,407/د/05,407/د/05,RC-1405-0003,1,MoldCodeNorm + RequestLetterNoNorm,HIGH
1405-خرداد-490,خرداد,491,490,03s,03S,407/د/05,407/د/05,RC-1405-0003,1,MoldCodeNorm + RequestLetterNoNorm,HIGH
1405-خرداد-485,خرداد,486,485,03s,03S,407/د/05,407/د/05,RC-1405-0003,1,MoldCodeNorm + RequestLetterNoNorm,HIGH
1405-خرداد-493,خرداد,494,493,03s,03S,407/د/05,407/د/05,RC-1405-0003,1,MoldCodeNorm + RequestLetterNoNorm,HIGH
1405-خرداد-500,خرداد,501,500,03s,03S,407/د/05,407/د/05,RC-1405-0003,1,MoldCodeNorm + RequestLetterNoNorm,HIGH
1405-خرداد-502,خرداد,503,502,03s,03S,407/د/05,407/د/05,RC-1405-0003,1,MoldCodeNorm + RequestLetterNoNorm,HIGH
1405-خرداد-538,خرداد,539,538,03s,03S,407/د/05,407/د/05,RC-1405-0003,1,MoldCodeNorm + RequestLetterNoNorm,HIGH
1405-خرداد-514,خرداد,515,514,03s,03S,407/د/05,407/د/05,RC-1405-0003,1,MoldCodeNorm + RequestLetterNoNorm,HIGH
1405-خرداد-521,خرداد,522,521,03s,03S,407/د/05,407/د/05,RC-1405-0003,1,MoldCodeNorm + RequestLetterNoNorm,HIGH
1405-خرداد-527,خرداد,528,527,03s,03S,407/د/05,407/د/05,RC-1405-0003,1,MoldCodeNorm + RequestLetterNoNorm,HIGH
1405-خرداد-529,خرداد,530,529,03s,03S,407/د/05,407/د/05,RC-1405-0003,1,MoldCodeNorm + RequestLetterNoNorm,HIGH
1405-خرداد-531,خرداد,532,531,03s,03S,407/د/05,407/د/05,RC-1405-0003,1,MoldCodeNorm + RequestLetterNoNorm,HIGH
1405-خرداد-543,خرداد,544,543,03s,03S,407/د/05,407/د/05,RC-1405-0003,1,MoldCodeNorm + RequestLetterNoNorm,HIGH
1405-خرداد-544,خرداد,545,544,03s,03S,407/د/05,407/د/05,RC-1405-0003,1,MoldCodeNorm + RequestLetterNoNorm,HIGH
1405-خرداد-548,خرداد,549,548,03s,03S,407/د/05,407/د/05,RC-1405-0003,1,MoldCodeNorm + RequestLetterNoNorm,HIGH
1405-خرداد-555,خرداد,556,555,03s,03S,407/د/05,407/د/05,RC-1405-0003,1,MoldCodeNorm + RequestLetterNoNorm,HIGH
1405-خرداد-556,خرداد,557,556,03s,03S,407/د/05,407/د/05,RC-1405-0003,1,MoldCodeNorm + RequestLetterNoNorm,HIGH
1405-خرداد-558,خرداد,559,558,03s,03S,407/د/05,407/د/05,RC-1405-0003,1,MoldCodeNorm + RequestLetterNoNorm,HIGH
1405-خرداد-567,خرداد,568,567,03s,03S,407/د/05,407/د/05,RC-1405-0003,1,MoldCodeNorm + RequestLetterNoNorm,HIGH
1405-خرداد-571,خرداد,572,571,03s,03S,407/د/05,407/د/05,RC-1405-0003,1,MoldCodeNorm + RequestLetterNoNorm,HIGH
1405-خرداد-573,خرداد,574,573,03s,03S,407/د/05,407/د/05,RC-1405-0003,1,MoldCodeNorm + RequestLetterNoNorm,HIGH
1405-خرداد-576,خرداد,577,576,03s,03S,407/د/05,407/د/05,RC-1405-0003,1,MoldCodeNorm + RequestLetterNoNorm,HIGH
1405-خرداد-579,خرداد,580,579,03s,03S,407/د/05,407/د/05,RC-1405-0003,1,MoldCodeNorm + RequestLetterNoNorm,HIGH
1405-خرداد-582,خرداد,583,582,03s,03S,407/د/05,407/د/05,RC-1405-0003,1,MoldCodeNorm + RequestLetterNoNorm,HIGH
1405-خرداد-612,خرداد,613,612,03s,03S,407/د/05,407/د/05,RC-1405-0003,1,MoldCodeNorm + RequestLetterNoNorm,HIGH
1405-خرداد-606,خرداد,607,606,03s,03S,407/د/05,407/د/05,RC-1405-0003,1,MoldCodeNorm + RequestLetterNoNorm,HIGH
1405-خرداد-621,خرداد,622,621,03s,03S,407/د/05,407/د/05,RC-1405-0003,1,MoldCodeNorm + RequestLetterNoNorm,HIGH
1405-خرداد-676,خرداد,677,676,03s,03S,407/د/05,407/د/05,RC-1405-0003,1,MoldCodeNorm + RequestLetterNoNorm,HIGH
1405-خرداد-677,خرداد,678,677,03s,03S,407/د/05,407/د/05,RC-1405-0003,1,MoldCodeNorm + RequestLetterNoNorm,HIGH
1405-تیر-1,تیر,2,1,03s,03S,407/د/05,407/د/05,RC-1405-0003,1,MoldCodeNorm + RequestLetterNoNorm,HIGH
1405-تیر-2,تیر,3,2,03s,03S,407/د/05,407/د/05,RC-1405-0003,1,MoldCodeNorm + RequestLetterNoNorm,HIGH
1405-فروردین-19,فروردین,20,19,04S,04S,746,746,RC-1405-0004,1,MoldCodeNorm + RequestLetterNoNorm,HIGH
1405-فروردین-50,فروردین,51,50,04S,04S,746,746,RC-1405-0004,1,MoldCodeNorm + RequestLetterNoNorm,HIGH
1405-فروردین-81,فروردین,82,81,04S,04S,746,746,RC-1405-0004,1,MoldCodeNorm + RequestLetterNoNorm,HIGH
1405-فروردین-84,فروردین,85,84,04S,04S,746,746,RC-1405-0004,1,MoldCodeNorm + RequestLetterNoNorm,HIGH
1405-فروردین-85,فروردین,86,85,04S,04S,746,746,RC-1405-0004,1,MoldCodeNorm + RequestLetterNoNorm,HIGH
1405-فروردین-111,فروردین,112,111,04S,04S,746,746,RC-1405-0004,1,MoldCodeNorm + RequestLetterNoNorm,HIGH
1405-فروردین-249,فروردین,250,249,04S,04S,746,746,RC-1405-0004,1,MoldCodeNorm + RequestLetterNoNorm,HIGH
1405-فروردین-360,فروردین,361,360,04S,04S,746,746,RC-1405-0004,1,MoldCodeNorm + RequestLetterNoNorm,HIGH
1405-فروردین-286,فروردین,287,286,04S,04S,746,746,RC-1405-0004,1,MoldCodeNorm + RequestLetterNoNorm,HIGH
1405-فروردین-302,فروردین,303,302,04S,04S,746,746,RC-1405-0004,1,MoldCodeNorm + RequestLetterNoNorm,HIGH
1405-فروردین-343,فروردین,344,343,04S,04S,746,746,RC-1405-0004,1,MoldCodeNorm + RequestLetterNoNorm,HIGH
1405-اردیبهشت-6,اردیبهشت,7,6,04S,04S,746,746,RC-1405-0004,1,MoldCodeNorm + RequestLetterNoNorm,HIGH
1405-اردیبهشت-66,اردیبهشت,67,66,04S,04S,746,746,RC-1405-0004,1,MoldCodeNorm + RequestLetterNoNorm,HIGH
1405-اردیبهشت-48,اردیبهشت,49,48,04S,04S,746,746,RC-1405-0004,1,MoldCodeNorm + RequestLetterNoNorm,HIGH
1405-اردیبهشت-80,اردیبهشت,81,80,04S,04S,746,746,RC-1405-0004,1,MoldCodeNorm + RequestLetterNoNorm,HIGH
1405-اردیبهشت-147,اردیبهشت,148,147,04S,04S,746,746,RC-1405-0004,1,MoldCodeNorm + RequestLetterNoNorm,HIGH
1405-اردیبهشت-182,اردیبهشت,183,182,04S,04S,746,746,RC-1405-0004,1,MoldCodeNorm + RequestLetterNoNorm,HIGH
1405-اردیبهشت-195,اردیبهشت,196,195,04S,04S,746,746,RC-1405-0004,1,MoldCodeNorm + RequestLetterNoNorm,HIGH
1405-اردیبهشت-198,اردیبهشت,199,198,04S,04S,746,746,RC-1405-0004,1,MoldCodeNorm + RequestLetterNoNorm,HIGH
1405-اردیبهشت-223,اردیبهشت,224,223,04S,04S,746,746,RC-1405-0004,1,MoldCodeNorm + RequestLetterNoNorm,HIGH
1405-اردیبهشت-231,اردیبهشت,232,231,04S,04S,746,746,RC-1405-0004,1,MoldCodeNorm + RequestLetterNoNorm,HIGH
1405-اردیبهشت-420,اردیبهشت,421,420,04S,04S,746,746,RC-1405-0004,1,MoldCodeNorm + RequestLetterNoNorm,HIGH
1405-اردیبهشت-423,اردیبهشت,424,423,04S,04S,746,746,RC-1405-0004,1,MoldCodeNorm + RequestLetterNoNorm,HIGH
1405-اردیبهشت-444,اردیبهشت,445,444,04S,04S,746,746,RC-1405-0004,1,MoldCodeNorm + RequestLetterNoNorm,HIGH
1405-اردیبهشت-484,اردیبهشت,485,484,04S,04S,746,746,RC-1405-0004,1,MoldCodeNorm + RequestLetterNoNorm,HIGH
1405-اردیبهشت-577,اردیبهشت,578,577,04S,04S,746,746,RC-1405-0004,1,MoldCodeNorm + RequestLetterNoNorm,HIGH
1405-اردیبهشت-578,اردیبهشت,579,578,04S,04S,746,746,RC-1405-0004,1,MoldCodeNorm + RequestLetterNoNorm,HIGH
1405-اردیبهشت-579,اردیبهشت,580,579,04S,04S,746,746,RC-1405-0004,1,MoldCodeNorm + RequestLetterNoNorm,HIGH
1405-اردیبهشت-581,اردیبهشت,582,581,04S,04S,746,746,RC-1405-0004,1,MoldCodeNorm + RequestLetterNoNorm,HIGH
1405-اردیبهشت-582,اردیبهشت,583,582,04S,04S,746,746,RC-1405-0004,1,MoldCodeNorm + RequestLetterNoNorm,HIGH
1405-اردیبهشت-583,اردیبهشت,584,583,04S,04S,746,746,RC-1405-0004,1,MoldCodeNorm + RequestLetterNoNorm,HIGH
1405-اردیبهشت-593,اردیبهشت,594,593,04S,04S,746,746,RC-1405-0004,1,MoldCodeNorm + RequestLetterNoNorm,HIGH
1405-اردیبهشت-601,اردیبهشت,602,601,04S,04S,746,746,RC-1405-0004,1,MoldCodeNorm + RequestLetterNoNorm,HIGH
1405-اردیبهشت-608,اردیبهشت,609,608,04S,04S,746,746,RC-1405-0004,1,MoldCodeNorm + RequestLetterNoNorm,HIGH
1405-اردیبهشت-609,اردیبهشت,610,609,04S,04S,746,746,RC-1405-0004,1,MoldCodeNorm + RequestLetterNoNorm,HIGH
1405-اردیبهشت-611,اردیبهشت,612,611,04S,04S,746,746,RC-1405-0004,1,MoldCodeNorm + RequestLetterNoNorm,HIGH
1405-اردیبهشت-617,اردیبهشت,618,617,04S,04S,746,746,RC-1405-0004,1,MoldCodeNorm + RequestLetterNoNorm,HIGH
1405-اردیبهشت-778,اردیبهشت,779,778,04S,04S,746,746,RC-1405-0004,1,MoldCodeNorm + RequestLetterNoNorm,HIGH
1405-خرداد-26,خرداد,27,26,04S,04S,746,746,RC-1405-0004,1,MoldCodeNorm + RequestLetterNoNorm,HIGH
1405-خرداد-44,خرداد,45,44,04S,04S,746,746,RC-1405-0004,1,MoldCodeNorm + RequestLetterNoNorm,HIGH
1405-خرداد-22,خرداد,23,22,04S,04S,746,746,RC-1405-0004,1,MoldCodeNorm + RequestLetterNoNorm,HIGH
1405-خرداد-127,خرداد,128,127,04S,04S,746,746,RC-1405-0004,1,MoldCodeNorm + RequestLetterNoNorm,HIGH
1405-خرداد-178,خرداد,179,178,04S,04S,746,746,RC-1405-0004,1,MoldCodeNorm + RequestLetterNoNorm,HIGH
1405-خرداد-259,خرداد,260,259,04S,04S,746,746,RC-1405-0004,1,MoldCodeNorm + RequestLetterNoNorm,HIGH
1405-خرداد-279,خرداد,280,279,04S,04S,746,746,RC-1405-0004,1,MoldCodeNorm + RequestLetterNoNorm,HIGH
1405-خرداد-288,خرداد,289,288,04S,04S,746,746,RC-1405-0004,1,MoldCodeNorm + RequestLetterNoNorm,HIGH
1405-خرداد-289,خرداد,290,289,04S,04S,746,746,RC-1405-0004,1,MoldCodeNorm + RequestLetterNoNorm,HIGH
1405-خرداد-309,خرداد,310,309,04S,04S,746,746,RC-1405-0004,1,MoldCodeNorm + RequestLetterNoNorm,HIGH
1405-خرداد-310,خرداد,311,310,04S,04S,746,746,RC-1405-0004,1,MoldCodeNorm + RequestLetterNoNorm,HIGH
1405-خرداد-316,خرداد,317,316,04S,04S,746,746,RC-1405-0004,1,MoldCodeNorm + RequestLetterNoNorm,HIGH
1405-خرداد-335,خرداد,336,335,04S,04S,746,746,RC-1405-0004,1,MoldCodeNorm + RequestLetterNoNorm,HIGH
1405-خرداد-353,خرداد,354,353,04S,04S,746,746,RC-1405-0004,1,MoldCodeNorm + RequestLetterNoNorm,HIGH
1405-خرداد-391,خرداد,392,391,04S,04S,746,746,RC-1405-0004,1,MoldCodeNorm + RequestLetterNoNorm,HIGH
1405-خرداد-392,خرداد,393,392,04S,04S,746,746,RC-1405-0004,1,MoldCodeNorm + RequestLetterNoNorm,HIGH
1405-خرداد-420,خرداد,421,420,04S,04S,746,746,RC-1405-0004,1,MoldCodeNorm + RequestLetterNoNorm,HIGH
1405-خرداد-421,خرداد,422,421,04S,04S,746,746,RC-1405-0004,1,MoldCodeNorm + RequestLetterNoNorm,HIGH
1405-خرداد-413,خرداد,414,413,04S,04S,746,746,RC-1405-0004,1,MoldCodeNorm + RequestLetterNoNorm,HIGH
1405-خرداد-414,خرداد,415,414,04S,04S,746,746,RC-1405-0004,1,MoldCodeNorm + RequestLetterNoNorm,HIGH
1405-خرداد-443,خرداد,444,443,04S,04S,746,746,RC-1405-0004,1,MoldCodeNorm + RequestLetterNoNorm,HIGH
1405-خرداد-471,خرداد,472,471,04S,04S,746,746,RC-1405-0004,1,MoldCodeNorm + RequestLetterNoNorm,HIGH
1405-خرداد-476,خرداد,477,476,04S,04S,746,746,RC-1405-0004,1,MoldCodeNorm + RequestLetterNoNorm,HIGH
1405-خرداد-477,خرداد,478,477,04S,04S,746,746,RC-1405-0004,1,MoldCodeNorm + RequestLetterNoNorm,HIGH
1405-خرداد-482,خرداد,483,482,04S,04S,746,746,RC-1405-0004,1,MoldCodeNorm + RequestLetterNoNorm,HIGH
1405-خرداد-483,خرداد,484,483,04S,04S,746,746,RC-1405-0004,1,MoldCodeNorm + RequestLetterNoNorm,HIGH
1405-خرداد-487,خرداد,488,487,04S,04S,746,746,RC-1405-0004,1,MoldCodeNorm + RequestLetterNoNorm,HIGH
1405-خرداد-488,خرداد,489,488,04S,04S,746,746,RC-1405-0004,1,MoldCodeNorm + RequestLetterNoNorm,HIGH
1405-خرداد-496,خرداد,497,496,04S,04S,746,746,RC-1405-0004,1,MoldCodeNorm + RequestLetterNoNorm,HIGH
1405-خرداد-504,خرداد,505,504,04S,04S,746,746,RC-1405-0004,1,MoldCodeNorm + RequestLetterNoNorm,HIGH
1405-خرداد-505,خرداد,506,505,04S,04S,746,746,RC-1405-0004,1,MoldCodeNorm + RequestLetterNoNorm,HIGH
1405-خرداد-507,خرداد,508,507,04S,04S,746,746,RC-1405-0004,1,MoldCodeNorm + RequestLetterNoNorm,HIGH
1405-خرداد-479,خرداد,480,479,04S,04S,746,746,RC-1405-0004,1,MoldCodeNorm + RequestLetterNoNorm,HIGH
1405-خرداد-537,خرداد,538,537,04S,04S,746,746,RC-1405-0004,1,MoldCodeNorm + RequestLetterNoNorm,HIGH
1405-خرداد-520,خرداد,521,520,04S,04S,746,746,RC-1405-0004,1,MoldCodeNorm + RequestLetterNoNorm,HIGH
1405-خرداد-563,خرداد,564,563,04S,04S,746,746,RC-1405-0004,1,MoldCodeNorm + RequestLetterNoNorm,HIGH
1405-خرداد-655,خرداد,656,655,04S,04S,746,746,RC-1405-0004,1,MoldCodeNorm + RequestLetterNoNorm,HIGH
1405-فروردین-18,فروردین,19,18,05S,05S,692,692,RC-1405-0005,1,MoldCodeNorm + RequestLetterNoNorm,HIGH
1405-فروردین-49,فروردین,50,49,05S,05S,692,692,RC-1405-0005,1,MoldCodeNorm + RequestLetterNoNorm,HIGH
1405-فروردین-332,فروردین,333,332,05S,05S,692,692,RC-1405-0005,1,MoldCodeNorm + RequestLetterNoNorm,HIGH
1405-اردیبهشت-24,اردیبهشت,25,24,05S,05S,692,692,RC-1405-0005,1,MoldCodeNorm + RequestLetterNoNorm,HIGH
1405-اردیبهشت-42,اردیبهشت,43,42,05S,05S,692,692,RC-1405-0005,1,MoldCodeNorm + RequestLetterNoNorm,HIGH
1405-اردیبهشت-46,اردیبهشت,47,46,05S,05S,692,692,RC-1405-0005,1,MoldCodeNorm + RequestLetterNoNorm,HIGH
1405-اردیبهشت-232,اردیبهشت,233,232,05S,05S,692,692,RC-1405-0005,1,MoldCodeNorm + RequestLetterNoNorm,HIGH
1405-اردیبهشت-261,اردیبهشت,262,261,05S,05S,692,692,RC-1405-0005,1,MoldCodeNorm + RequestLetterNoNorm,HIGH
1405-اردیبهشت-267,اردیبهشت,268,267,05S,05S,692,692,RC-1405-0005,1,MoldCodeNorm + RequestLetterNoNorm,HIGH
1405-اردیبهشت-281,اردیبهشت,282,281,05S,05S,692,692,RC-1405-0005,1,MoldCodeNorm + RequestLetterNoNorm,HIGH
1405-اردیبهشت-312,اردیبهشت,313,312,05S,05S,692,692,RC-1405-0005,1,MoldCodeNorm + RequestLetterNoNorm,HIGH
1405-اردیبهشت-314,اردیبهشت,315,314,05S,05S,692,692,RC-1405-0005,1,MoldCodeNorm + RequestLetterNoNorm,HIGH
1405-اردیبهشت-293,اردیبهشت,294,293,05S,05S,692,692,RC-1405-0005,1,MoldCodeNorm + RequestLetterNoNorm,HIGH
1405-اردیبهشت-322,اردیبهشت,323,322,05S,05S,692,692,RC-1405-0005,1,MoldCodeNorm + RequestLetterNoNorm,HIGH
1405-اردیبهشت-330,اردیبهشت,331,330,05S,05S,692,692,RC-1405-0005,1,MoldCodeNorm + RequestLetterNoNorm,HIGH
1405-اردیبهشت-341,اردیبهشت,342,341,05S,05S,692,692,RC-1405-0005,1,MoldCodeNorm + RequestLetterNoNorm,HIGH
1405-اردیبهشت-342,اردیبهشت,343,342,05S,05S,692,692,RC-1405-0005,1,MoldCodeNorm + RequestLetterNoNorm,HIGH
1405-اردیبهشت-346,اردیبهشت,347,346,05S,05S,692,692,RC-1405-0005,1,MoldCodeNorm + RequestLetterNoNorm,HIGH
1405-اردیبهشت-349,اردیبهشت,350,349,05S,05S,692,692,RC-1405-0005,1,MoldCodeNorm + RequestLetterNoNorm,HIGH
1405-اردیبهشت-363,اردیبهشت,364,363,05S,05S,692,692,RC-1405-0005,1,MoldCodeNorm + RequestLetterNoNorm,HIGH
1405-اردیبهشت-555,اردیبهشت,556,555,05S,05S,692,692,RC-1405-0005,1,MoldCodeNorm + RequestLetterNoNorm,HIGH
1405-اردیبهشت-562,اردیبهشت,563,562,05S,05S,692,692,RC-1405-0005,1,MoldCodeNorm + RequestLetterNoNorm,HIGH
1405-اردیبهشت-592,اردیبهشت,593,592,05S,05S,692,692,RC-1405-0005,1,MoldCodeNorm + RequestLetterNoNorm,HIGH
1405-خرداد-150,خرداد,151,150,05S,05S,692,692,RC-1405-0005,1,MoldCodeNorm + RequestLetterNoNorm,HIGH
1405-خرداد-171,خرداد,172,171,05S,05S,692,692,RC-1405-0005,1,MoldCodeNorm + RequestLetterNoNorm,HIGH
1405-خرداد-176,خرداد,177,176,05S,05S,692,692,RC-1405-0005,1,MoldCodeNorm + RequestLetterNoNorm,HIGH
1405-خرداد-216,خرداد,217,216,05S,05S,692,692,RC-1405-0005,1,MoldCodeNorm + RequestLetterNoNorm,HIGH
1405-خرداد-238,خرداد,239,238,05S,05S,692,692,RC-1405-0005,1,MoldCodeNorm + RequestLetterNoNorm,HIGH
1405-خرداد-261,خرداد,262,261,05S,05S,692,692,RC-1405-0005,1,MoldCodeNorm + RequestLetterNoNorm,HIGH
1405-خرداد-273,خرداد,274,273,05S,05S,692,692,RC-1405-0005,1,MoldCodeNorm + RequestLetterNoNorm,HIGH
1405-خرداد-293,خرداد,294,293,05S,05S,692,692,RC-1405-0005,1,MoldCodeNorm + RequestLetterNoNorm,HIGH
1405-خرداد-325,خرداد,326,325,05S,05S,692,692,RC-1405-0005,1,MoldCodeNorm + RequestLetterNoNorm,HIGH
1405-تیر-55,تیر,56,55,05S,05S,692,692,RC-1405-0005,1,MoldCodeNorm + RequestLetterNoNorm,HIGH
1405-تیر-65,تیر,66,65,05S,05S,692,692,RC-1405-0005,1,MoldCodeNorm + RequestLetterNoNorm,HIGH
1405-تیر-67,تیر,68,67,05S,05S,692,692,RC-1405-0005,1,MoldCodeNorm + RequestLetterNoNorm,HIGH
1405-تیر-68,تیر,69,68,05S,05S,692,692,RC-1405-0005,1,MoldCodeNorm + RequestLetterNoNorm,HIGH
1405-تیر-75,تیر,76,75,05S,05S,692,692,RC-1405-0005,1,MoldCodeNorm + RequestLetterNoNorm,HIGH
1405-تیر-83,تیر,84,83,05S,05S,692,692,RC-1405-0005,1,MoldCodeNorm + RequestLetterNoNorm,HIGH
1405-تیر-84,تیر,85,84,05S,05S,692,692,RC-1405-0005,1,MoldCodeNorm + RequestLetterNoNorm,HIGH
1405-تیر-109,تیر,110,109,05S,05S,692,692,RC-1405-0005,1,MoldCodeNorm + RequestLetterNoNorm,HIGH
1405-فروردین-39,فروردین,40,39,06s,06S,682,682,RC-1405-0006,1,MoldCodeNorm + RequestLetterNoNorm,HIGH
1405-فروردین-24,فروردین,25,24,06s,06S,682,682,RC-1405-0006,1,MoldCodeNorm + RequestLetterNoNorm,HIGH
1405-فروردین-25,فروردین,26,25,06s,06S,682,682,RC-1405-0006,1,MoldCodeNorm + RequestLetterNoNorm,HIGH
1405-فروردین-40,فروردین,41,40,06s,06S,682,682,RC-1405-0006,1,MoldCodeNorm + RequestLetterNoNorm,HIGH
1405-فروردین-55,فروردین,56,55,06s,06S,682,682,RC-1405-0006,1,MoldCodeNorm + RequestLetterNoNorm,HIGH
1405-فروردین-56,فروردین,57,56,06s,06S,682,682,RC-1405-0006,1,MoldCodeNorm + RequestLetterNoNorm,HIGH
1405-فروردین-28,فروردین,29,28,06s,06S,682,682,RC-1405-0006,1,MoldCodeNorm + RequestLetterNoNorm,HIGH
1405-فروردین-45,فروردین,46,45,06s,06S,682,682,RC-1405-0006,1,MoldCodeNorm + RequestLetterNoNorm,HIGH
1405-فروردین-59,فروردین,60,59,06s,06S,682,682,RC-1405-0006,1,MoldCodeNorm + RequestLetterNoNorm,HIGH
1405-فروردین-67,فروردین,68,67,06s,06S,682,682,RC-1405-0006,1,MoldCodeNorm + RequestLetterNoNorm,HIGH
1405-فروردین-71,فروردین,72,71,06s,06S,682,682,RC-1405-0006,1,MoldCodeNorm + RequestLetterNoNorm,HIGH
1405-فروردین-74,فروردین,75,74,06s,06S,682,682,RC-1405-0006,1,MoldCodeNorm + RequestLetterNoNorm,HIGH
1405-اردیبهشت-146,اردیبهشت,147,146,06s,06S,682,682,RC-1405-0006,1,MoldCodeNorm + RequestLetterNoNorm,HIGH
1405-اردیبهشت-348,اردیبهشت,349,348,06s,06S,682,682,RC-1405-0006,1,MoldCodeNorm + RequestLetterNoNorm,HIGH
1405-اردیبهشت-488,اردیبهشت,489,488,06s,06S,682,682,RC-1405-0006,1,MoldCodeNorm + RequestLetterNoNorm,HIGH
1405-اردیبهشت-529,اردیبهشت,530,529,06s,06S,682,682,RC-1405-0006,1,MoldCodeNorm + RequestLetterNoNorm,HIGH
1405-اردیبهشت-539,اردیبهشت,540,539,06s,06S,682,682,RC-1405-0006,1,MoldCodeNorm + RequestLetterNoNorm,HIGH
1405-اردیبهشت-554,اردیبهشت,555,554,06s,06S,682,682,RC-1405-0006,1,MoldCodeNorm + RequestLetterNoNorm,HIGH
1405-اردیبهشت-645,اردیبهشت,646,645,06s,06S,682,682,RC-1405-0006,1,MoldCodeNorm + RequestLetterNoNorm,HIGH
1405-اردیبهشت-639,اردیبهشت,640,639,06s,06S,682,682,RC-1405-0006,1,MoldCodeNorm + RequestLetterNoNorm,HIGH
1405-اردیبهشت-636,اردیبهشت,637,636,06s,06S,682,682,RC-1405-0006,1,MoldCodeNorm + RequestLetterNoNorm,HIGH
1405-اردیبهشت-677,اردیبهشت,678,677,06s,06S,682,682,RC-1405-0006,1,MoldCodeNorm + RequestLetterNoNorm,HIGH
1405-اردیبهشت-678,اردیبهشت,679,678,06s,06S,682,682,RC-1405-0006,1,MoldCodeNorm + RequestLetterNoNorm,HIGH
1405-اردیبهشت-679,اردیبهشت,680,679,06s,06S,682,682,RC-1405-0006,1,MoldCodeNorm + RequestLetterNoNorm,HIGH
1405-اردیبهشت-716,اردیبهشت,717,716,06s,06S,682,682,RC-1405-0006,1,MoldCodeNorm + RequestLetterNoNorm,HIGH
1405-اردیبهشت-719,اردیبهشت,720,719,06s,06S,682,682,RC-1405-0006,1,MoldCodeNorm + RequestLetterNoNorm,HIGH
1405-اردیبهشت-746,اردیبهشت,747,746,06s,06S,682,682,RC-1405-0006,1,MoldCodeNorm + RequestLetterNoNorm,HIGH
1405-اردیبهشت-752,اردیبهشت,753,752,06s,06S,682,682,RC-1405-0006,1,MoldCodeNorm + RequestLetterNoNorm,HIGH
1405-اردیبهشت-790,اردیبهشت,791,790,06s,06S,682,682,RC-1405-0006,1,MoldCodeNorm + RequestLetterNoNorm,HIGH
1405-خرداد-594,خرداد,595,594,06s,06S,682,682,RC-1405-0006,1,MoldCodeNorm + RequestLetterNoNorm,HIGH
1405-خرداد-603,خرداد,604,603,06s,06S,682,682,RC-1405-0006,1,MoldCodeNorm + RequestLetterNoNorm,HIGH
1405-خرداد-634,خرداد,635,634,06s,06S,682,682,RC-1405-0006,1,MoldCodeNorm + RequestLetterNoNorm,HIGH
1405-خرداد-650,خرداد,651,650,06s,06S,682,682,RC-1405-0006,1,MoldCodeNorm + RequestLetterNoNorm,HIGH
1405-خرداد-670,خرداد,671,670,06s,06S,682,682,RC-1405-0006,1,MoldCodeNorm + RequestLetterNoNorm,HIGH
1405-خرداد-673,خرداد,674,673,06s,06S,682,682,RC-1405-0006,1,MoldCodeNorm + RequestLetterNoNorm,HIGH
1405-تیر-12,تیر,13,12,06s,06S,682,682,RC-1405-0006,1,MoldCodeNorm + RequestLetterNoNorm,HIGH
1405-تیر-14,تیر,15,14,06s,06S,682,682,RC-1405-0006,1,MoldCodeNorm + RequestLetterNoNorm,HIGH
1405-تیر-19,تیر,20,19,06s,06S,682,682,RC-1405-0006,1,MoldCodeNorm + RequestLetterNoNorm,HIGH
1405-تیر-46,تیر,47,46,06s,06S,682,682,RC-1405-0006,1,MoldCodeNorm + RequestLetterNoNorm,HIGH
1405-تیر-51,تیر,52,51,06s,06S,682,682,RC-1405-0006,1,MoldCodeNorm + RequestLetterNoNorm,HIGH
1405-تیر-113,تیر,114,113,06s,06S,682,682,RC-1405-0006,1,MoldCodeNorm + RequestLetterNoNorm,HIGH
1405-تیر-368,تیر,369,368,06s,06S,682,682,RC-1405-0006,1,MoldCodeNorm + RequestLetterNoNorm,HIGH
1405-اردیبهشت-22,اردیبهشت,23,22,07s,07S,682,682,RC-1405-0007,1,MoldCodeNorm + RequestLetterNoNorm,HIGH
1405-اردیبهشت-23,اردیبهشت,24,23,07s,07S,682,682,RC-1405-0007,1,MoldCodeNorm + RequestLetterNoNorm,HIGH
1405-اردیبهشت-110,اردیبهشت,111,110,07s,07S,682,682,RC-1405-0007,1,MoldCodeNorm + RequestLetterNoNorm,HIGH
1405-خرداد-112,خرداد,113,112,07s,07S,682,682,RC-1405-0007,1,MoldCodeNorm + RequestLetterNoNorm,HIGH
1405-تیر-514,تیر,515,514,07s,07S,682,682,RC-1405-0007,1,MoldCodeNorm + RequestLetterNoNorm,HIGH
1405-فروردین-97,فروردین,98,97,08s,08S,708,708,RC-1405-0008,1,MoldCodeNorm + RequestLetterNoNorm,HIGH
1405-فروردین-109,فروردین,110,109,08s,08S,708,708,RC-1405-0008,1,MoldCodeNorm + RequestLetterNoNorm,HIGH
1405-فروردین-121,فروردین,122,121,08s,08S,708,708,RC-1405-0008,1,MoldCodeNorm + RequestLetterNoNorm,HIGH
1405-فروردین-125,فروردین,126,125,08s,08S,708,708,RC-1405-0008,1,MoldCodeNorm + RequestLetterNoNorm,HIGH
1405-تیر-104,تیر,105,104,1,1,1714,1714,RC-1405-0009,1,MoldCodeNorm + RequestLetterNoNorm,HIGH
1405-تیر-105,تیر,106,105,1,1,1714,1714,RC-1405-0009,1,MoldCodeNorm + RequestLetterNoNorm,HIGH
1405-تیر-106,تیر,107,106,1,1,1714,1714,RC-1405-0009,1,MoldCodeNorm + RequestLetterNoNorm,HIGH
1405-تیر-107,تیر,108,107,1,1,1714,1714,RC-1405-0009,1,MoldCodeNorm + RequestLetterNoNorm,HIGH
1405-تیر-140,تیر,141,140,1,1,1714,1714,RC-1405-0009,1,MoldCodeNorm + RequestLetterNoNorm,HIGH
1405-تیر-167,تیر,168,167,1,1,1714,1714,RC-1405-0009,1,MoldCodeNorm + RequestLetterNoNorm,HIGH
1405-تیر-308,تیر,309,308,1,1,1714,1714,RC-1405-0009,1,MoldCodeNorm + RequestLetterNoNorm,HIGH
1405-تیر-601,تیر,602,601,1,1,1714,1714,RC-1405-0009,1,MoldCodeNorm + RequestLetterNoNorm,HIGH
1405-تیر-780,تیر,781,780,1,1,1714,1714,RC-1405-0009,1,MoldCodeNorm + RequestLetterNoNorm,HIGH
1405-شهریور-154,شهریور,155,154,1,1,1722,1722,RC-1405-0010,2,MoldCodeNorm + RequestLetterNoNorm,HIGH
1405-شهریور-162,شهریور,163,162,1,1,1722,1722,RC-1405-0010,2,MoldCodeNorm + RequestLetterNoNorm,HIGH
1405-شهریور-163,شهریور,164,163,1,1,1722,1722,RC-1405-0010,2,MoldCodeNorm + RequestLetterNoNorm,HIGH
1405-شهریور-181,شهریور,182,181,1,1,1722,1722,RC-1405-0010,2,MoldCodeNorm + RequestLetterNoNorm,HIGH
1405-شهریور-183,شهریور,184,183,1,1,1722,1722,RC-1405-0010,2,MoldCodeNorm + RequestLetterNoNorm,HIGH
1405-شهریور-203,شهریور,204,203,1,1,1722,1722,RC-1405-0010,2,MoldCodeNorm + RequestLetterNoNorm,HIGH
1405-شهریور-222,شهریور,223,222,1,1,1722,1722,RC-1405-0010,2,MoldCodeNorm + RequestLetterNoNorm,HIGH
1405-شهریور-249,شهریور,250,249,1,1,1722,1722,RC-1405-0010,2,MoldCodeNorm + RequestLetterNoNorm,HIGH
1405-شهریور-257,شهریور,258,257,1,1,1722,1722,RC-1405-0010,2,MoldCodeNorm + RequestLetterNoNorm,HIGH
1405-شهریور-258,شهریور,259,258,1,1,1722,1722,RC-1405-0010,2,MoldCodeNorm + RequestLetterNoNorm,HIGH
1405-اردیبهشت-151,اردیبهشت,152,151,10S,10S,691,691,RC-1405-0011,1,MoldCodeNorm + RequestLetterNoNorm,HIGH
1405-اردیبهشت-181,اردیبهشت,182,181,10S,10S,691,691,RC-1405-0011,1,MoldCodeNorm + RequestLetterNoNorm,HIGH
1405-اردیبهشت-189,اردیبهشت,190,189,10S,10S,691,691,RC-1405-0011,1,MoldCodeNorm + RequestLetterNoNorm,HIGH
1405-اردیبهشت-319,اردیبهشت,320,319,10S,10S,691,691,RC-1405-0011,1,MoldCodeNorm + RequestLetterNoNorm,HIGH
1405-اردیبهشت-360,اردیبهشت,361,360,10S,10S,691,691,RC-1405-0011,1,MoldCodeNorm + RequestLetterNoNorm,HIGH
1405-اردیبهشت-365,اردیبهشت,366,365,10S,10S,691,691,RC-1405-0011,1,MoldCodeNorm + RequestLetterNoNorm,HIGH
1405-اردیبهشت-409,اردیبهشت,410,409,10S,10S,691,691,RC-1405-0011,1,MoldCodeNorm + RequestLetterNoNorm,HIGH
1405-اردیبهشت-413,اردیبهشت,414,413,10S,10S,691,691,RC-1405-0011,1,MoldCodeNorm + RequestLetterNoNorm,HIGH
1405-اردیبهشت-495,اردیبهشت,496,495,10S,10S,691,691,RC-1405-0011,1,MoldCodeNorm + RequestLetterNoNorm,HIGH
1405-اردیبهشت-518,اردیبهشت,519,518,10S,10S,691,691,RC-1405-0011,1,MoldCodeNorm + RequestLetterNoNorm,HIGH
1405-خرداد-619,خرداد,620,619,10S,10S,691,691,RC-1405-0011,1,MoldCodeNorm + RequestLetterNoNorm,HIGH
1405-تیر-116,تیر,117,116,10S,10S,691,691,RC-1405-0011,1,MoldCodeNorm + RequestLetterNoNorm,HIGH
1405-تیر-152,تیر,153,152,10S,10S,691,691,RC-1405-0011,1,MoldCodeNorm + RequestLetterNoNorm,HIGH
1405-تیر-187,تیر,188,187,10S,10S,691,691,RC-1405-0011,1,MoldCodeNorm + RequestLetterNoNorm,HIGH
1405-تیر-188,تیر,189,188,10S,10S,691,691,RC-1405-0011,1,MoldCodeNorm + RequestLetterNoNorm,HIGH
1405-تیر-609,تیر,610,609,29087,29087,1005,1005,RC-1405-0012,1,MoldCodeNorm + RequestLetterNoNorm,HIGH
1405-تیر-612,تیر,613,612,29087,29087,1005,1005,RC-1405-0012,1,MoldCodeNorm + RequestLetterNoNorm,HIGH
1405-تیر-650,تیر,651,650,29087,29087,1005,1005,RC-1405-0012,1,MoldCodeNorm + RequestLetterNoNorm,HIGH
1405-مرداد-155,مرداد,156,155,29087,29087,1005,1005,RC-1405-0012,1,MoldCodeNorm + RequestLetterNoNorm,HIGH
1405-مرداد-181,مرداد,182,181,29087,29087,1005,1005,RC-1405-0012,1,MoldCodeNorm + RequestLetterNoNorm,HIGH
1405-مرداد-210,مرداد,211,210,29087,29087,1005,1005,RC-1405-0012,1,MoldCodeNorm + RequestLetterNoNorm,HIGH
1405-مرداد-300,مرداد,301,300,29087,29087,1005,1005,RC-1405-0012,1,MoldCodeNorm + RequestLetterNoNorm,HIGH
1405-مرداد-319,مرداد,320,319,29087,29087,1005,1005,RC-1405-0012,1,MoldCodeNorm + RequestLetterNoNorm,HIGH
1405-مرداد-366,مرداد,367,366,29087,29087,1005,1005,RC-1405-0012,1,MoldCodeNorm + RequestLetterNoNorm,HIGH
1405-مرداد-377,مرداد,378,377,29087,29087,1005,1005,RC-1405-0012,1,MoldCodeNorm + RequestLetterNoNorm,HIGH
1405-مرداد-380,مرداد,381,380,29087,29087,1005,1005,RC-1405-0012,1,MoldCodeNorm + RequestLetterNoNorm,HIGH
1405-مرداد-434,مرداد,435,434,29087,29087,1005,1005,RC-1405-0012,1,MoldCodeNorm + RequestLetterNoNorm,HIGH
1405-مرداد-476,مرداد,477,476,29087,29087,1005,1005,RC-1405-0012,1,MoldCodeNorm + RequestLetterNoNorm,HIGH
1405-مرداد-504,مرداد,505,504,29087,29087,1005,1005,RC-1405-0012,1,MoldCodeNorm + RequestLetterNoNorm,HIGH
1405-مرداد-532,مرداد,533,532,29087,29087,1005,1005,RC-1405-0012,1,MoldCodeNorm + RequestLetterNoNorm,HIGH
1405-مرداد-505,مرداد,506,505,29087,29087,1005,1005,RC-1405-0012,1,MoldCodeNorm + RequestLetterNoNorm,HIGH
1405-مرداد-581,مرداد,582,581,29087,29087,1005,1005,RC-1405-0012,1,MoldCodeNorm + RequestLetterNoNorm,HIGH
1405-مرداد-582,مرداد,583,582,29087,29087,1005,1005,RC-1405-0012,1,MoldCodeNorm + RequestLetterNoNorm,HIGH
1405-مرداد-583,مرداد,584,583,29087,29087,1005,1005,RC-1405-0012,1,MoldCodeNorm + RequestLetterNoNorm,HIGH
1405-شهریور-2,شهریور,3,2,29087,29087,1005,1005,RC-1405-0012,1,MoldCodeNorm + RequestLetterNoNorm,HIGH
1405-شهریور-285,شهریور,286,285,29087,29087,1005,1005,RC-1405-0012,1,MoldCodeNorm + RequestLetterNoNorm,HIGH
1405-شهریور-289,شهریور,290,289,29087,29087,1005,1005,RC-1405-0012,1,MoldCodeNorm + RequestLetterNoNorm,HIGH
1405-شهریور-292,شهریور,293,292,29087,29087,1005,1005,RC-1405-0012,1,MoldCodeNorm + RequestLetterNoNorm,HIGH
1405-شهریور-316,شهریور,317,316,29087,29087,1005,1005,RC-1405-0012,1,MoldCodeNorm + RequestLetterNoNorm,HIGH
1405-شهریور-319,شهریور,320,319,29087,29087,1005,1005,RC-1405-0012,1,MoldCodeNorm + RequestLetterNoNorm,HIGH
1405-شهریور-330,شهریور,331,330,29087,29087,1005,1005,RC-1405-0012,1,MoldCodeNorm + RequestLetterNoNorm,HIGH
1405-شهریور-353,شهریور,354,353,29087,29087,1005,1005,RC-1405-0012,1,MoldCodeNorm + RequestLetterNoNorm,HIGH
1405-شهریور-375,شهریور,376,375,29087,29087,1005,1005,RC-1405-0012,1,MoldCodeNorm + RequestLetterNoNorm,HIGH
1405-شهریور-377,شهریور,378,377,29087,29087,1005,1005,RC-1405-0012,1,MoldCodeNorm + RequestLetterNoNorm,HIGH
1405-شهریور-378,شهریور,379,378,29087,29087,1005,1005,RC-1405-0012,1,MoldCodeNorm + RequestLetterNoNorm,HIGH
1405-شهریور-379,شهریور,380,379,29087,29087,1005,1005,RC-1405-0012,1,MoldCodeNorm + RequestLetterNoNorm,HIGH
1405-شهریور-380,شهریور,381,380,29087,29087,1005,1005,RC-1405-0012,1,MoldCodeNorm + RequestLetterNoNorm,HIGH
1405-شهریور-427,شهریور,428,427,29087,29087,1005,1005,RC-1405-0012,1,MoldCodeNorm + RequestLetterNoNorm,HIGH
1405-تیر-570,تیر,571,570,30425,30425,1718,1718,RC-1405-0013,1,MoldCodeNorm + RequestLetterNoNorm,HIGH
1405-مرداد-110,مرداد,111,110,30425,30425,1718,1718,RC-1405-0013,1,MoldCodeNorm + RequestLetterNoNorm,HIGH
1405-مرداد-120,مرداد,121,120,30425,30425,1718,1718,RC-1405-0013,1,MoldCodeNorm + RequestLetterNoNorm,HIGH
1405-خرداد-25,خرداد,26,25,70028,70028,1704,1704,RC-1405-0014,1,MoldCodeNorm + RequestLetterNoNorm,HIGH
1405-خرداد-50,خرداد,51,50,70028,70028,1704,1704,RC-1405-0014,1,MoldCodeNorm + RequestLetterNoNorm,HIGH
1405-خرداد-65,خرداد,66,65,70028,70028,1704,1704,RC-1405-0014,1,MoldCodeNorm + RequestLetterNoNorm,HIGH
1405-خرداد-71,خرداد,72,71,70028,70028,1704,1704,RC-1405-0014,1,MoldCodeNorm + RequestLetterNoNorm,HIGH
1405-خرداد-96,خرداد,97,96,70028,70028,1704,1704,RC-1405-0014,1,MoldCodeNorm + RequestLetterNoNorm,HIGH
1405-خرداد-120,خرداد,121,120,70028,70028,1704,1704,RC-1405-0014,1,MoldCodeNorm + RequestLetterNoNorm,HIGH
1405-خرداد-343,خرداد,344,343,70028,70028,1704,1704,RC-1405-0014,1,MoldCodeNorm + RequestLetterNoNorm,HIGH
1405-خرداد-315,خرداد,316,315,FC30278-01S,FC30278-01S,05/د/3024,05/د/3024,RC-1405-0015,1,MoldCodeNorm + RequestLetterNoNorm,HIGH
1405-خرداد-409,خرداد,410,409,FC30278-01S,FC30278-01S,05/د/3024,05/د/3024,RC-1405-0015,1,MoldCodeNorm + RequestLetterNoNorm,HIGH
1405-اردیبهشت-731,اردیبهشت,732,731,FD30303,FD30303,05/د/1745,05/د/1745,RC-1405-0016,1,MoldCodeNorm + RequestLetterNoNorm,HIGH
1405-خرداد-69,خرداد,70,69,FD30303,FD30303,05/د/1745,05/د/1745,RC-1405-0016,1,MoldCodeNorm + RequestLetterNoNorm,HIGH
1405-فروردین-9,فروردین,10,9,MC30241-02s,MC30241-02S,738,738,RC-1405-0017,1,MoldCodeNorm + RequestLetterNoNorm,HIGH
1405-فروردین-10,فروردین,11,10,MC30241-02s,MC30241-02S,738,738,RC-1405-0017,1,MoldCodeNorm + RequestLetterNoNorm,HIGH
1405-فروردین-13,فروردین,14,13,MC30241-02s,MC30241-02S,738,738,RC-1405-0017,1,MoldCodeNorm + RequestLetterNoNorm,HIGH
1405-فروردین-11,فروردین,12,11,MC30241-02s,MC30241-02S,738,738,RC-1405-0017,1,MoldCodeNorm + RequestLetterNoNorm,HIGH
1405-فروردین-288,فروردین,289,288,MC30241-02s,MC30241-02S,738,738,RC-1405-0017,1,MoldCodeNorm + RequestLetterNoNorm,HIGH
1405-فروردین-307,فروردین,308,307,MC30241-02s,MC30241-02S,738,738,RC-1405-0017,1,MoldCodeNorm + RequestLetterNoNorm,HIGH
1405-فروردین-312,فروردین,313,312,MC30241-02s,MC30241-02S,738,738,RC-1405-0017,1,MoldCodeNorm + RequestLetterNoNorm,HIGH
1405-فروردین-356,فروردین,357,356,MC30241-02s,MC30241-02S,738,738,RC-1405-0017,1,MoldCodeNorm + RequestLetterNoNorm,HIGH
1405-اردیبهشت-21,اردیبهشت,22,21,MC30241-02s,MC30241-02S,738,738,RC-1405-0017,1,MoldCodeNorm + RequestLetterNoNorm,HIGH
1405-اردیبهشت-75,اردیبهشت,76,75,MC30241-02s,MC30241-02S,738,738,RC-1405-0017,1,MoldCodeNorm + RequestLetterNoNorm,HIGH
1405-اردیبهشت-282,اردیبهشت,283,282,MC30241-02s,MC30241-02S,738,738,RC-1405-0017,1,MoldCodeNorm + RequestLetterNoNorm,HIGH
1405-اردیبهشت-323,اردیبهشت,324,323,MC30241-02s,MC30241-02S,738,738,RC-1405-0017,1,MoldCodeNorm + RequestLetterNoNorm,HIGH
1405-اردیبهشت-333,اردیبهشت,334,333,MC30241-02s,MC30241-02S,738,738,RC-1405-0017,1,MoldCodeNorm + RequestLetterNoNorm,HIGH
1405-اردیبهشت-335,اردیبهشت,336,335,MC30241-02s,MC30241-02S,738,738,RC-1405-0017,1,MoldCodeNorm + RequestLetterNoNorm,HIGH
1405-اردیبهشت-324,اردیبهشت,325,324,MC30241-02s,MC30241-02S,738,738,RC-1405-0017,1,MoldCodeNorm + RequestLetterNoNorm,HIGH
1405-اردیبهشت-337,اردیبهشت,338,337,MC30241-02s,MC30241-02S,738,738,RC-1405-0017,1,MoldCodeNorm + RequestLetterNoNorm,HIGH
1405-اردیبهشت-351,اردیبهشت,352,351,MC30241-02s,MC30241-02S,738,738,RC-1405-0017,1,MoldCodeNorm + RequestLetterNoNorm,HIGH
1405-اردیبهشت-338,اردیبهشت,339,338,MC30241-02s,MC30241-02S,738,738,RC-1405-0017,1,MoldCodeNorm + RequestLetterNoNorm,HIGH
1405-اردیبهشت-366,اردیبهشت,367,366,MC30241-02s,MC30241-02S,738,738,RC-1405-0017,1,MoldCodeNorm + RequestLetterNoNorm,HIGH
1405-اردیبهشت-390,اردیبهشت,391,390,MC30241-02s,MC30241-02S,738,738,RC-1405-0017,1,MoldCodeNorm + RequestLetterNoNorm,HIGH
1405-اردیبهشت-393,اردیبهشت,394,393,MC30241-02s,MC30241-02S,738,738,RC-1405-0017,1,MoldCodeNorm + RequestLetterNoNorm,HIGH
1405-اردیبهشت-416,اردیبهشت,417,416,MC30241-02s,MC30241-02S,738,738,RC-1405-0017,1,MoldCodeNorm + RequestLetterNoNorm,HIGH
1405-اردیبهشت-538,اردیبهشت,539,538,MC30241-02s,MC30241-02S,738,738,RC-1405-0017,1,MoldCodeNorm + RequestLetterNoNorm,HIGH
1405-اردیبهشت-528,اردیبهشت,529,528,MC30241-02s,MC30241-02S,738,738,RC-1405-0017,1,MoldCodeNorm + RequestLetterNoNorm,HIGH
1405-اردیبهشت-570,اردیبهشت,571,570,MC30241-02s,MC30241-02S,738,738,RC-1405-0017,1,MoldCodeNorm + RequestLetterNoNorm,HIGH
1405-اردیبهشت-576,اردیبهشت,577,576,MC30241-02s,MC30241-02S,738,738,RC-1405-0017,1,MoldCodeNorm + RequestLetterNoNorm,HIGH
1405-اردیبهشت-598,اردیبهشت,599,598,MC30241-02s,MC30241-02S,738,738,RC-1405-0017,1,MoldCodeNorm + RequestLetterNoNorm,HIGH
1405-اردیبهشت-646,اردیبهشت,647,646,MC30241-02s,MC30241-02S,738,738,RC-1405-0017,1,MoldCodeNorm + RequestLetterNoNorm,HIGH
1405-اردیبهشت-642,اردیبهشت,643,642,MC30241-02s,MC30241-02S,738,738,RC-1405-0017,1,MoldCodeNorm + RequestLetterNoNorm,HIGH
1405-اردیبهشت-682,اردیبهشت,683,682,MC30241-02s,MC30241-02S,738,738,RC-1405-0017,1,MoldCodeNorm + RequestLetterNoNorm,HIGH
1405-اردیبهشت-684,اردیبهشت,685,684,MC30241-02s,MC30241-02S,738,738,RC-1405-0017,1,MoldCodeNorm + RequestLetterNoNorm,HIGH
1405-اردیبهشت-686,اردیبهشت,687,686,MC30241-02s,MC30241-02S,738,738,RC-1405-0017,1,MoldCodeNorm + RequestLetterNoNorm,HIGH
1405-اردیبهشت-688,اردیبهشت,689,688,MC30241-02s,MC30241-02S,738,738,RC-1405-0017,1,MoldCodeNorm + RequestLetterNoNorm,HIGH
1405-اردیبهشت-773,اردیبهشت,774,773,MC30241-02s,MC30241-02S,738,738,RC-1405-0017,1,MoldCodeNorm + RequestLetterNoNorm,HIGH
1405-خرداد-14,خرداد,15,14,MC30241-02s,MC30241-02S,738,738,RC-1405-0017,1,MoldCodeNorm + RequestLetterNoNorm,HIGH
1405-خرداد-16,خرداد,17,16,MC30241-02s,MC30241-02S,738,738,RC-1405-0017,1,MoldCodeNorm + RequestLetterNoNorm,HIGH
1405-خرداد-80,خرداد,81,80,MC30241-02s,MC30241-02S,738,738,RC-1405-0017,1,MoldCodeNorm + RequestLetterNoNorm,HIGH
1405-خرداد-89,خرداد,90,89,MC30241-02s,MC30241-02S,738,738,RC-1405-0017,1,MoldCodeNorm + RequestLetterNoNorm,HIGH
1405-خرداد-108,خرداد,109,108,MC30241-02s,MC30241-02S,738,738,RC-1405-0017,1,MoldCodeNorm + RequestLetterNoNorm,HIGH
1405-خرداد-326,خرداد,327,326,MC30241-02s,MC30241-02S,738,738,RC-1405-0017,1,MoldCodeNorm + RequestLetterNoNorm,HIGH
1405-خرداد-347,خرداد,348,347,MC30241-02s,MC30241-02S,738,738,RC-1405-0017,1,MoldCodeNorm + RequestLetterNoNorm,HIGH
1405-خرداد-361,خرداد,362,361,MC30241-02s,MC30241-02S,738,738,RC-1405-0017,1,MoldCodeNorm + RequestLetterNoNorm,HIGH
1405-خرداد-366,خرداد,367,366,MC30241-02s,MC30241-02S,738,738,RC-1405-0017,1,MoldCodeNorm + RequestLetterNoNorm,HIGH
1405-خرداد-384,خرداد,385,384,MC30241-02s,MC30241-02S,738,738,RC-1405-0017,1,MoldCodeNorm + RequestLetterNoNorm,HIGH
1405-خرداد-562,خرداد,563,562,MC30241-02s,MC30241-02S,738,738,RC-1405-0017,1,MoldCodeNorm + RequestLetterNoNorm,HIGH
1405-فروردین-65,فروردین,66,65,Mc30243-04s,MC30243-04S,737,737,RC-1405-0018,1,MoldCodeNorm + RequestLetterNoNorm,HIGH
1405-فروردین-352,فروردین,353,352,Mc30243-04s,MC30243-04S,737,737,RC-1405-0018,1,MoldCodeNorm + RequestLetterNoNorm,HIGH
1405-فروردین-362,فروردین,363,362,Mc30243-04s,MC30243-04S,737,737,RC-1405-0018,1,MoldCodeNorm + RequestLetterNoNorm,HIGH
1405-اردیبهشت-88,اردیبهشت,89,88,Mc30243-04s,MC30243-04S,737,737,RC-1405-0018,1,MoldCodeNorm + RequestLetterNoNorm,HIGH
1405-اردیبهشت-331,اردیبهشت,332,331,Mc30243-04s,MC30243-04S,737,737,RC-1405-0018,1,MoldCodeNorm + RequestLetterNoNorm,HIGH
1405-اردیبهشت-336,اردیبهشت,337,336,Mc30243-04s,MC30243-04S,737,737,RC-1405-0018,1,MoldCodeNorm + RequestLetterNoNorm,HIGH
1405-اردیبهشت-329,اردیبهشت,330,329,Mc30243-04s,MC30243-04S,737,737,RC-1405-0018,1,MoldCodeNorm + RequestLetterNoNorm,HIGH
1405-اردیبهشت-343,اردیبهشت,344,343,Mc30243-04s,MC30243-04S,737,737,RC-1405-0018,1,MoldCodeNorm + RequestLetterNoNorm,HIGH
1405-اردیبهشت-359,اردیبهشت,360,359,Mc30243-04s,MC30243-04S,737,737,RC-1405-0018,1,MoldCodeNorm + RequestLetterNoNorm,HIGH
1405-اردیبهشت-446,اردیبهشت,447,446,Mc30243-04s,MC30243-04S,737,737,RC-1405-0018,1,MoldCodeNorm + RequestLetterNoNorm,HIGH
1405-اردیبهشت-500,اردیبهشت,501,500,Mc30243-04s,MC30243-04S,737,737,RC-1405-0018,1,MoldCodeNorm + RequestLetterNoNorm,HIGH
1405-اردیبهشت-520,اردیبهشت,521,520,Mc30243-04s,MC30243-04S,737,737,RC-1405-0018,1,MoldCodeNorm + RequestLetterNoNorm,HIGH
1405-اردیبهشت-587,اردیبهشت,588,587,Mc30243-04s,MC30243-04S,737,737,RC-1405-0018,1,MoldCodeNorm + RequestLetterNoNorm,HIGH
1405-اردیبهشت-618,اردیبهشت,619,618,Mc30243-04s,MC30243-04S,737,737,RC-1405-0018,1,MoldCodeNorm + RequestLetterNoNorm,HIGH
1405-اردیبهشت-620,اردیبهشت,621,620,Mc30243-04s,MC30243-04S,737,737,RC-1405-0018,1,MoldCodeNorm + RequestLetterNoNorm,HIGH
1405-اردیبهشت-659,اردیبهشت,660,659,Mc30243-04s,MC30243-04S,737,737,RC-1405-0018,1,MoldCodeNorm + RequestLetterNoNorm,HIGH
1405-اردیبهشت-660,اردیبهشت,661,660,Mc30243-04s,MC30243-04S,737,737,RC-1405-0018,1,MoldCodeNorm + RequestLetterNoNorm,HIGH
1405-اردیبهشت-695,اردیبهشت,696,695,Mc30243-04s,MC30243-04S,737,737,RC-1405-0018,1,MoldCodeNorm + RequestLetterNoNorm,HIGH
1405-اردیبهشت-701,اردیبهشت,702,701,Mc30243-04s,MC30243-04S,737,737,RC-1405-0018,1,MoldCodeNorm + RequestLetterNoNorm,HIGH
1405-اردیبهشت-709,اردیبهشت,710,709,Mc30243-04s,MC30243-04S,737,737,RC-1405-0018,1,MoldCodeNorm + RequestLetterNoNorm,HIGH
1405-اردیبهشت-728,اردیبهشت,729,728,Mc30243-04s,MC30243-04S,737,737,RC-1405-0018,1,MoldCodeNorm + RequestLetterNoNorm,HIGH
1405-خرداد-38,خرداد,39,38,Mc30243-04s,MC30243-04S,737,737,RC-1405-0018,1,MoldCodeNorm + RequestLetterNoNorm,HIGH
1405-خرداد-103,خرداد,104,103,Mc30243-04s,MC30243-04S,737,737,RC-1405-0018,1,MoldCodeNorm + RequestLetterNoNorm,HIGH
1405-خرداد-118,خرداد,119,118,Mc30243-04s,MC30243-04S,737,737,RC-1405-0018,1,MoldCodeNorm + RequestLetterNoNorm,HIGH
1405-خرداد-111,خرداد,112,111,Mc30243-04s,MC30243-04S,737,737,RC-1405-0018,1,MoldCodeNorm + RequestLetterNoNorm,HIGH
1405-خرداد-119,خرداد,120,119,Mc30243-04s,MC30243-04S,737,737,RC-1405-0018,1,MoldCodeNorm + RequestLetterNoNorm,HIGH
1405-خرداد-122,خرداد,123,122,Mc30243-04s,MC30243-04S,737,737,RC-1405-0018,1,MoldCodeNorm + RequestLetterNoNorm,HIGH
1405-خرداد-124,خرداد,125,124,Mc30243-04s,MC30243-04S,737,737,RC-1405-0018,1,MoldCodeNorm + RequestLetterNoNorm,HIGH
1405-خرداد-147,خرداد,148,147,Mc30243-04s,MC30243-04S,737,737,RC-1405-0018,1,MoldCodeNorm + RequestLetterNoNorm,HIGH
1405-خرداد-164,خرداد,165,164,Mc30243-04s,MC30243-04S,737,737,RC-1405-0018,1,MoldCodeNorm + RequestLetterNoNorm,HIGH
1405-خرداد-230,خرداد,231,230,Mc30243-04s,MC30243-04S,737,737,RC-1405-0018,1,MoldCodeNorm + RequestLetterNoNorm,HIGH
1405-خرداد-241,خرداد,242,241,Mc30243-04s,MC30243-04S,737,737,RC-1405-0018,1,MoldCodeNorm + RequestLetterNoNorm,HIGH
1405-خرداد-242,خرداد,243,242,Mc30243-04s,MC30243-04S,737,737,RC-1405-0018,1,MoldCodeNorm + RequestLetterNoNorm,HIGH
1405-خرداد-264,خرداد,265,264,Mc30243-04s,MC30243-04S,737,737,RC-1405-0018,1,MoldCodeNorm + RequestLetterNoNorm,HIGH
1405-خرداد-297,خرداد,298,297,Mc30243-04s,MC30243-04S,737,737,RC-1405-0018,1,MoldCodeNorm + RequestLetterNoNorm,HIGH
1405-خرداد-321,خرداد,322,321,Mc30243-04s,MC30243-04S,737,737,RC-1405-0018,1,MoldCodeNorm + RequestLetterNoNorm,HIGH
1405-خرداد-346,خرداد,347,346,Mc30243-04s,MC30243-04S,737,737,RC-1405-0018,1,MoldCodeNorm + RequestLetterNoNorm,HIGH
1405-خرداد-360,خرداد,361,360,Mc30243-04s,MC30243-04S,737,737,RC-1405-0018,1,MoldCodeNorm + RequestLetterNoNorm,HIGH
1405-خرداد-439,خرداد,440,439,Mc30243-04s,MC30243-04S,737,737,RC-1405-0018,1,MoldCodeNorm + RequestLetterNoNorm,HIGH
1405-خرداد-459,خرداد,460,459,Mc30243-04s,MC30243-04S,737,737,RC-1405-0018,1,MoldCodeNorm + RequestLetterNoNorm,HIGH
1405-خرداد-460,خرداد,461,460,Mc30243-04s,MC30243-04S,737,737,RC-1405-0018,1,MoldCodeNorm + RequestLetterNoNorm,HIGH
1405-خرداد-461,خرداد,462,461,Mc30243-04s,MC30243-04S,737,737,RC-1405-0018,1,MoldCodeNorm + RequestLetterNoNorm,HIGH
1405-خرداد-480,خرداد,481,480,Mc30243-04s,MC30243-04S,737,737,RC-1405-0018,1,MoldCodeNorm + RequestLetterNoNorm,HIGH
1405-خرداد-545,خرداد,546,545,Mc30243-04s,MC30243-04S,737,737,RC-1405-0018,1,MoldCodeNorm + RequestLetterNoNorm,HIGH
1405-خرداد-550,خرداد,551,550,Mc30243-04s,MC30243-04S,737,737,RC-1405-0018,1,MoldCodeNorm + RequestLetterNoNorm,HIGH
1405-خرداد-553,خرداد,554,553,Mc30243-04s,MC30243-04S,737,737,RC-1405-0018,1,MoldCodeNorm + RequestLetterNoNorm,HIGH
1405-خرداد-651,خرداد,652,651,Mc30243-04s,MC30243-04S,737,737,RC-1405-0018,1,MoldCodeNorm + RequestLetterNoNorm,HIGH
1405-خرداد-671,خرداد,672,671,Mc30243-04s,MC30243-04S,737,737,RC-1405-0018,1,MoldCodeNorm + RequestLetterNoNorm,HIGH
1405-تیر-366,تیر,367,366,Mc30243-04s,MC30243-04S,737,737,RC-1405-0018,1,MoldCodeNorm + RequestLetterNoNorm,HIGH
1405-فروردین-214,فروردین,215,214,Mc30243-07s,MC30243-07S,739,739,RC-1405-0019,1,MoldCodeNorm + RequestLetterNoNorm,HIGH
1405-فروردین-268,فروردین,269,268,Mc30243-07s,MC30243-07S,739,739,RC-1405-0019,1,MoldCodeNorm + RequestLetterNoNorm,HIGH
1405-اردیبهشت-1,اردیبهشت,2,1,Mc30243-07s,MC30243-07S,739,739,RC-1405-0019,1,MoldCodeNorm + RequestLetterNoNorm,HIGH
1405-اردیبهشت-47,اردیبهشت,48,47,Mc30243-07s,MC30243-07S,739,739,RC-1405-0019,1,MoldCodeNorm + RequestLetterNoNorm,HIGH
1405-اردیبهشت-86,اردیبهشت,87,86,Mc30243-07s,MC30243-07S,739,739,RC-1405-0019,1,MoldCodeNorm + RequestLetterNoNorm,HIGH
1405-اردیبهشت-116,اردیبهشت,117,116,Mc30243-07s,MC30243-07S,739,739,RC-1405-0019,1,MoldCodeNorm + RequestLetterNoNorm,HIGH
1405-اردیبهشت-208,اردیبهشت,209,208,Mc30243-07s,MC30243-07S,739,739,RC-1405-0019,1,MoldCodeNorm + RequestLetterNoNorm,HIGH
1405-اردیبهشت-233,اردیبهشت,234,233,Mc30243-07s,MC30243-07S,739,739,RC-1405-0019,1,MoldCodeNorm + RequestLetterNoNorm,HIGH
1405-اردیبهشت-253,اردیبهشت,254,253,Mc30243-07s,MC30243-07S,739,739,RC-1405-0019,1,MoldCodeNorm + RequestLetterNoNorm,HIGH
1405-اردیبهشت-255,اردیبهشت,256,255,Mc30243-07s,MC30243-07S,739,739,RC-1405-0019,1,MoldCodeNorm + RequestLetterNoNorm,HIGH
1405-اردیبهشت-260,اردیبهشت,261,260,Mc30243-07s,MC30243-07S,739,739,RC-1405-0019,1,MoldCodeNorm + RequestLetterNoNorm,HIGH
1405-اردیبهشت-292,اردیبهشت,293,292,Mc30243-07s,MC30243-07S,739,739,RC-1405-0019,1,MoldCodeNorm + RequestLetterNoNorm,HIGH
1405-اردیبهشت-311,اردیبهشت,312,311,Mc30243-07s,MC30243-07S,739,739,RC-1405-0019,1,MoldCodeNorm + RequestLetterNoNorm,HIGH
1405-اردیبهشت-321,اردیبهشت,322,321,Mc30243-07s,MC30243-07S,739,739,RC-1405-0019,1,MoldCodeNorm + RequestLetterNoNorm,HIGH
1405-اردیبهشت-376,اردیبهشت,377,376,Mc30243-07s,MC30243-07S,739,739,RC-1405-0019,1,MoldCodeNorm + RequestLetterNoNorm,HIGH
1405-اردیبهشت-392,اردیبهشت,393,392,Mc30243-07s,MC30243-07S,739,739,RC-1405-0019,1,MoldCodeNorm + RequestLetterNoNorm,HIGH
1405-اردیبهشت-394,اردیبهشت,395,394,Mc30243-07s,MC30243-07S,739,739,RC-1405-0019,1,MoldCodeNorm + RequestLetterNoNorm,HIGH
1405-اردیبهشت-417,اردیبهشت,418,417,Mc30243-07s,MC30243-07S,739,739,RC-1405-0019,1,MoldCodeNorm + RequestLetterNoNorm,HIGH
1405-اردیبهشت-421,اردیبهشت,422,421,Mc30243-07s,MC30243-07S,739,739,RC-1405-0019,1,MoldCodeNorm + RequestLetterNoNorm,HIGH
1405-اردیبهشت-279,اردیبهشت,280,279,MC30250-01S,MC30250-01S,1590/د/5,1590/د/5,RC-1405-0020,1,MoldCodeNorm + RequestLetterNoNorm,HIGH
1405-فروردین-135,فروردین,136,135,MC30250-02s,MC30250-02S,402/د/05,402/د/05,RC-1405-0021,1,MoldCodeNorm + RequestLetterNoNorm,HIGH
1405-فروردین-137,فروردین,138,137,MC30250-02s,MC30250-02S,402/د/05,402/د/05,RC-1405-0021,1,MoldCodeNorm + RequestLetterNoNorm,HIGH
1405-فروردین-145,فروردین,146,145,MC30250-02s,MC30250-02S,402/د/05,402/د/05,RC-1405-0021,1,MoldCodeNorm + RequestLetterNoNorm,HIGH
1405-فروردین-192,فروردین,193,192,MC30250-02s,MC30250-02S,402/د/05,402/د/05,RC-1405-0021,1,MoldCodeNorm + RequestLetterNoNorm,HIGH
1405-فروردین-216,فروردین,217,216,MC30250-02s,MC30250-02S,402/د/05,402/د/05,RC-1405-0021,1,MoldCodeNorm + RequestLetterNoNorm,HIGH
1405-فروردین-204,فروردین,205,204,MC30250-02s,MC30250-02S,402/د/05,402/د/05,RC-1405-0021,1,MoldCodeNorm + RequestLetterNoNorm,HIGH
1405-فروردین-230,فروردین,231,230,MC30250-02s,MC30250-02S,402/د/05,402/د/05,RC-1405-0021,1,MoldCodeNorm + RequestLetterNoNorm,HIGH
1405-فروردین-241,فروردین,242,241,MC30250-02s,MC30250-02S,402/د/05,402/د/05,RC-1405-0021,1,MoldCodeNorm + RequestLetterNoNorm,HIGH
1405-اردیبهشت-67,اردیبهشت,68,67,MC30250-02s,MC30250-02S,402/د/05,402/د/05,RC-1405-0021,1,MoldCodeNorm + RequestLetterNoNorm,HIGH
1405-اردیبهشت-71,اردیبهشت,72,71,MC30250-02s,MC30250-02S,402/د/05,402/د/05,RC-1405-0021,1,MoldCodeNorm + RequestLetterNoNorm,HIGH
1405-اردیبهشت-78,اردیبهشت,79,78,MC30250-02s,MC30250-02S,402/د/05,402/د/05,RC-1405-0021,1,MoldCodeNorm + RequestLetterNoNorm,HIGH
1405-اردیبهشت-113,اردیبهشت,114,113,MC30250-02s,MC30250-02S,402/د/05,402/د/05,RC-1405-0021,1,MoldCodeNorm + RequestLetterNoNorm,HIGH
1405-اردیبهشت-128,اردیبهشت,129,128,MC30250-02s,MC30250-02S,402/د/05,402/د/05,RC-1405-0021,1,MoldCodeNorm + RequestLetterNoNorm,HIGH
1405-اردیبهشت-137,اردیبهشت,138,137,MC30250-02s,MC30250-02S,402/د/05,402/د/05,RC-1405-0021,1,MoldCodeNorm + RequestLetterNoNorm,HIGH
1405-اردیبهشت-180,اردیبهشت,181,180,MC30250-02s,MC30250-02S,402/د/05,402/د/05,RC-1405-0021,1,MoldCodeNorm + RequestLetterNoNorm,HIGH
1405-اردیبهشت-196,اردیبهشت,197,196,MC30250-02s,MC30250-02S,402/د/05,402/د/05,RC-1405-0021,1,MoldCodeNorm + RequestLetterNoNorm,HIGH
1405-اردیبهشت-199,اردیبهشت,200,199,MC30250-02s,MC30250-02S,402/د/05,402/د/05,RC-1405-0021,1,MoldCodeNorm + RequestLetterNoNorm,HIGH
1405-اردیبهشت-213,اردیبهشت,214,213,MC30250-02s,MC30250-02S,402/د/05,402/د/05,RC-1405-0021,1,MoldCodeNorm + RequestLetterNoNorm,HIGH
1405-اردیبهشت-220,اردیبهشت,221,220,MC30250-02s,MC30250-02S,402/د/05,402/د/05,RC-1405-0021,1,MoldCodeNorm + RequestLetterNoNorm,HIGH
1405-فروردین-23,فروردین,24,23,MH19562-01P,MH19562-01P,747,747,RC-1405-0022,1,MoldCodeNorm + RequestLetterNoNorm,HIGH
1405-فروردین-54,فروردین,55,54,MH19562-01P,MH19562-01P,747,747,RC-1405-0022,1,MoldCodeNorm + RequestLetterNoNorm,HIGH
1405-فروردین-2,فروردین,3,2,MH19562-01P,MH19562-01P,747,747,RC-1405-0022,1,MoldCodeNorm + RequestLetterNoNorm,HIGH
1405-فروردین-8,فروردین,9,8,MH19562-01P,MH19562-01P,747,747,RC-1405-0022,1,MoldCodeNorm + RequestLetterNoNorm,HIGH
1405-فروردین-29,فروردین,30,29,MH19562-01P,MH19562-01P,747,747,RC-1405-0022,1,MoldCodeNorm + RequestLetterNoNorm,HIGH
1405-فروردین-75,فروردین,76,75,MH19562-01P,MH19562-01P,747,747,RC-1405-0022,1,MoldCodeNorm + RequestLetterNoNorm,HIGH
1405-فروردین-95,فروردین,96,95,MH19562-01P,MH19562-01P,747,747,RC-1405-0022,1,MoldCodeNorm + RequestLetterNoNorm,HIGH
1405-فروردین-107,فروردین,108,107,MH19562-01P,MH19562-01P,747,747,RC-1405-0022,1,MoldCodeNorm + RequestLetterNoNorm,HIGH
1405-تیر-121,تیر,122,121,MH19562-01P,MH19562-01P,747,747,RC-1405-0022,1,MoldCodeNorm + RequestLetterNoNorm,HIGH
1405-تیر-146,تیر,147,146,MH19562-01P,MH19562-01P,747,747,RC-1405-0022,1,MoldCodeNorm + RequestLetterNoNorm,HIGH
1405-تیر-147,تیر,148,147,MH19562-01P,MH19562-01P,747,747,RC-1405-0022,1,MoldCodeNorm + RequestLetterNoNorm,HIGH
1405-تیر-150,تیر,151,150,MH19562-01P,MH19562-01P,747,747,RC-1405-0022,1,MoldCodeNorm + RequestLetterNoNorm,HIGH
1405-تیر-180,تیر,181,180,MH19562-01P,MH19562-01P,747,747,RC-1405-0022,1,MoldCodeNorm + RequestLetterNoNorm,HIGH
1405-تیر-183,تیر,184,183,MH19562-01P,MH19562-01P,747,747,RC-1405-0022,1,MoldCodeNorm + RequestLetterNoNorm,HIGH
1405-تیر-185,تیر,186,185,MH19562-01P,MH19562-01P,747,747,RC-1405-0022,1,MoldCodeNorm + RequestLetterNoNorm,HIGH
1405-تیر-202,تیر,203,202,MH19562-01P,MH19562-01P,747,747,RC-1405-0022,1,MoldCodeNorm + RequestLetterNoNorm,HIGH
1405-تیر-214,تیر,215,214,MH19562-01P,MH19562-01P,747,747,RC-1405-0022,1,MoldCodeNorm + RequestLetterNoNorm,HIGH
1405-تیر-232,تیر,233,232,MH19562-01P,MH19562-01P,747,747,RC-1405-0022,1,MoldCodeNorm + RequestLetterNoNorm,HIGH
1405-تیر-679,تیر,680,679,MH19562-01P,MH19562-01P,747,747,RC-1405-0022,1,MoldCodeNorm + RequestLetterNoNorm,HIGH
1405-تیر-682,تیر,683,682,MH19562-01P,MH19562-01P,747,747,RC-1405-0022,1,MoldCodeNorm + RequestLetterNoNorm,HIGH
1405-تیر-709,تیر,710,709,MH19562-01P,MH19562-01P,747,747,RC-1405-0022,1,MoldCodeNorm + RequestLetterNoNorm,HIGH
1405-تیر-711,تیر,712,711,MH19562-01P,MH19562-01P,747,747,RC-1405-0022,1,MoldCodeNorm + RequestLetterNoNorm,HIGH
1405-تیر-720,تیر,721,720,MH19562-01P,MH19562-01P,747,747,RC-1405-0022,1,MoldCodeNorm + RequestLetterNoNorm,HIGH
1405-تیر-725,تیر,726,725,MH19562-01P,MH19562-01P,747,747,RC-1405-0022,1,MoldCodeNorm + RequestLetterNoNorm,HIGH
1405-تیر-768,تیر,769,768,MH19562-01P,MH19562-01P,747 17014,747 17014,RC-1405-0023,2,MoldCodeNorm + RequestLetterNoNorm,HIGH
1405-مرداد-5,مرداد,6,5,MH19562-01P,MH19562-01P,747 17014,747 17014,RC-1405-0023,2,MoldCodeNorm + RequestLetterNoNorm,HIGH
1405-مرداد-29,مرداد,30,29,MH19562-01P,MH19562-01P,747 17014,747 17014,RC-1405-0023,2,MoldCodeNorm + RequestLetterNoNorm,HIGH
1405-مرداد-30,مرداد,31,30,MH19562-01P,MH19562-01P,747 17014,747 17014,RC-1405-0023,2,MoldCodeNorm + RequestLetterNoNorm,HIGH
1405-مرداد-43,مرداد,44,43,MH19562-01P,MH19562-01P,747 17014,747 17014,RC-1405-0023,2,MoldCodeNorm + RequestLetterNoNorm,HIGH
1405-مرداد-94,مرداد,95,94,MH19562-01P,MH19562-01P,747 17014,747 17014,RC-1405-0023,2,MoldCodeNorm + RequestLetterNoNorm,HIGH
1405-مرداد-129,مرداد,130,129,MH19562-01P,MH19562-01P,747 17014,747 17014,RC-1405-0023,2,MoldCodeNorm + RequestLetterNoNorm,HIGH
1405-مرداد-122,مرداد,123,122,MH19562-01P,MH19562-01P,747 17014,747 17014,RC-1405-0023,2,MoldCodeNorm + RequestLetterNoNorm,HIGH
1405-مرداد-134,مرداد,135,134,MH19562-01P,MH19562-01P,747 17014,747 17014,RC-1405-0023,2,MoldCodeNorm + RequestLetterNoNorm,HIGH
1405-مرداد-165,مرداد,166,165,MH19562-01P,MH19562-01P,747 17014,747 17014,RC-1405-0023,2,MoldCodeNorm + RequestLetterNoNorm,HIGH
1405-مرداد-220,مرداد,221,220,MH19562-01P,MH19562-01P,747 17014,747 17014,RC-1405-0023,2,MoldCodeNorm + RequestLetterNoNorm,HIGH
1405-فروردین-242,فروردین,243,242,ML21355-01s,ML21355-01S,624/د/05,624/د/05,RC-1405-0024,1,MoldCodeNorm + RequestLetterNoNorm,HIGH
1405-فروردین-232,فروردین,233,232,ML21355-01s,ML21355-01S,624/د/05,624/د/05,RC-1405-0024,1,MoldCodeNorm + RequestLetterNoNorm,HIGH
1405-فروردین-253,فروردین,254,253,ML21355-01s,ML21355-01S,624/د/05,624/د/05,RC-1405-0024,1,MoldCodeNorm + RequestLetterNoNorm,HIGH
1405-فروردین-259,فروردین,260,259,ML21355-01s,ML21355-01S,624/د/05,624/د/05,RC-1405-0024,1,MoldCodeNorm + RequestLetterNoNorm,HIGH
1405-فروردین-270,فروردین,271,270,ML21355-01s,ML21355-01S,624/د/05,624/د/05,RC-1405-0024,1,MoldCodeNorm + RequestLetterNoNorm,HIGH
1405-فروردین-289,فروردین,290,289,ML21355-01s,ML21355-01S,624/د/05,624/د/05,RC-1405-0024,1,MoldCodeNorm + RequestLetterNoNorm,HIGH
1405-فروردین-291,فروردین,292,291,ML21355-01s,ML21355-01S,624/د/05,624/د/05,RC-1405-0024,1,MoldCodeNorm + RequestLetterNoNorm,HIGH
1405-فروردین-316,فروردین,317,316,ML21355-01s,ML21355-01S,624/د/05,624/د/05,RC-1405-0024,1,MoldCodeNorm + RequestLetterNoNorm,HIGH
1405-فروردین-322,فروردین,323,322,ML21355-01s,ML21355-01S,624/د/05,624/د/05,RC-1405-0024,1,MoldCodeNorm + RequestLetterNoNorm,HIGH
1405-فروردین-345,فروردین,346,345,ML21355-01s,ML21355-01S,624/د/05,624/د/05,RC-1405-0024,1,MoldCodeNorm + RequestLetterNoNorm,HIGH
1405-فروردین-363,فروردین,364,363,ML21355-01s,ML21355-01S,624/د/05,624/د/05,RC-1405-0024,1,MoldCodeNorm + RequestLetterNoNorm,HIGH
1405-اردیبهشت-11,اردیبهشت,12,11,ML21355-01s,ML21355-01S,624/د/05,624/د/05,RC-1405-0024,1,MoldCodeNorm + RequestLetterNoNorm,HIGH
1405-اردیبهشت-13,اردیبهشت,14,13,ML21355-01s,ML21355-01S,624/د/05,624/د/05,RC-1405-0024,1,MoldCodeNorm + RequestLetterNoNorm,HIGH
1405-اردیبهشت-32,اردیبهشت,33,32,ML21355-01s,ML21355-01S,624/د/05,624/د/05,RC-1405-0024,1,MoldCodeNorm + RequestLetterNoNorm,HIGH
1405-اردیبهشت-61,اردیبهشت,62,61,ML21355-01s,ML21355-01S,624/د/05,624/د/05,RC-1405-0024,1,MoldCodeNorm + RequestLetterNoNorm,HIGH
1405-اردیبهشت-104,اردیبهشت,105,104,ML21355-01s,ML21355-01S,624/د/05,624/د/05,RC-1405-0024,1,MoldCodeNorm + RequestLetterNoNorm,HIGH
1405-اردیبهشت-192,اردیبهشت,193,192,ML21355-01s,ML21355-01S,624/د/05,624/د/05,RC-1405-0024,1,MoldCodeNorm + RequestLetterNoNorm,HIGH
1405-اردیبهشت-557,اردیبهشت,558,557,ML21355-01s,ML21355-01S,624/د/05,624/د/05,RC-1405-0024,1,MoldCodeNorm + RequestLetterNoNorm,HIGH
1405-اردیبهشت-605,اردیبهشت,606,605,ML21355-01s,ML21355-01S,624/د/05,624/د/05,RC-1405-0024,1,MoldCodeNorm + RequestLetterNoNorm,HIGH
1405-اردیبهشت-606,اردیبهشت,607,606,ML21355-01s,ML21355-01S,624/د/05,624/د/05,RC-1405-0024,1,MoldCodeNorm + RequestLetterNoNorm,HIGH
1405-اردیبهشت-612,اردیبهشت,613,612,ML21355-01s,ML21355-01S,624/د/05,624/د/05,RC-1405-0024,1,MoldCodeNorm + RequestLetterNoNorm,HIGH
1405-اردیبهشت-614,اردیبهشت,615,614,ML21355-01s,ML21355-01S,624/د/05,624/د/05,RC-1405-0024,1,MoldCodeNorm + RequestLetterNoNorm,HIGH
1405-اردیبهشت-729,اردیبهشت,730,729,ML21355-01s,ML21355-01S,624/د/05,624/د/05,RC-1405-0024,1,MoldCodeNorm + RequestLetterNoNorm,HIGH
1405-اردیبهشت-794,اردیبهشت,795,794,ML21355-01s,ML21355-01S,624/د/05,624/د/05,RC-1405-0024,1,MoldCodeNorm + RequestLetterNoNorm,HIGH
1405-اردیبهشت-763,اردیبهشت,764,763,ML21355-01s,ML21355-01S,624/د/05,624/د/05,RC-1405-0024,1,MoldCodeNorm + RequestLetterNoNorm,HIGH
1405-اردیبهشت-783,اردیبهشت,784,783,ML21355-01s,ML21355-01S,624/د/05,624/د/05,RC-1405-0024,1,MoldCodeNorm + RequestLetterNoNorm,HIGH
1405-اردیبهشت-797,اردیبهشت,798,797,ML21355-01s,ML21355-01S,624/د/05,624/د/05,RC-1405-0024,1,MoldCodeNorm + RequestLetterNoNorm,HIGH
1405-خرداد-28,خرداد,29,28,ML21355-01s,ML21355-01S,624/د/05,624/د/05,RC-1405-0024,1,MoldCodeNorm + RequestLetterNoNorm,HIGH
1405-خرداد-46,خرداد,47,46,ML21355-01s,ML21355-01S,624/د/05,624/د/05,RC-1405-0024,1,MoldCodeNorm + RequestLetterNoNorm,HIGH
1405-خرداد-59,خرداد,60,59,ML21355-01s,ML21355-01S,624/د/05,624/د/05,RC-1405-0024,1,MoldCodeNorm + RequestLetterNoNorm,HIGH
1405-خرداد-62,خرداد,63,62,ML21355-01s,ML21355-01S,624/د/05,624/د/05,RC-1405-0024,1,MoldCodeNorm + RequestLetterNoNorm,HIGH
1405-خرداد-86,خرداد,87,86,ML21355-01s,ML21355-01S,624/د/05,624/د/05,RC-1405-0024,1,MoldCodeNorm + RequestLetterNoNorm,HIGH
1405-خرداد-107,خرداد,108,107,ML21355-01s,ML21355-01S,624/د/05,624/د/05,RC-1405-0024,1,MoldCodeNorm + RequestLetterNoNorm,HIGH
1405-اردیبهشت-275,اردیبهشت,276,275,ML23873-02S,ML23873-02S,772,772,RC-1405-0025,1,MoldCodeNorm + RequestLetterNoNorm,HIGH
1405-اردیبهشت-276,اردیبهشت,277,276,ML23873-02S,ML23873-02S,772,772,RC-1405-0025,1,MoldCodeNorm + RequestLetterNoNorm,HIGH
1405-فروردین-122,فروردین,123,122,ML23873-03s,ML23873-03S,772,772,RC-1405-0026,1,MoldCodeNorm + RequestLetterNoNorm,HIGH
1405-فروردین-126,فروردین,127,126,ML23873-03s,ML23873-03S,772,772,RC-1405-0026,1,MoldCodeNorm + RequestLetterNoNorm,HIGH
1405-فروردین-335,فروردین,336,335,ML23873-03s,ML23873-03S,772,772,RC-1405-0026,1,MoldCodeNorm + RequestLetterNoNorm,HIGH
1405-اردیبهشت-81,اردیبهشت,82,81,ML23873-03s,ML23873-03S,772,772,RC-1405-0026,1,MoldCodeNorm + RequestLetterNoNorm,HIGH
1405-اردیبهشت-112,اردیبهشت,113,112,ML23873-03s,ML23873-03S,772,772,RC-1405-0026,1,MoldCodeNorm + RequestLetterNoNorm,HIGH
1405-اردیبهشت-139,اردیبهشت,140,139,ML23873-03s,ML23873-03S,772,772,RC-1405-0026,1,MoldCodeNorm + RequestLetterNoNorm,HIGH
1405-اردیبهشت-162,اردیبهشت,163,162,ML23873-03s,ML23873-03S,772,772,RC-1405-0026,1,MoldCodeNorm + RequestLetterNoNorm,HIGH
1405-اردیبهشت-191,اردیبهشت,192,191,ML23873-03s,ML23873-03S,772,772,RC-1405-0026,1,MoldCodeNorm + RequestLetterNoNorm,HIGH
1405-اردیبهشت-194,اردیبهشت,195,194,ML23873-03s,ML23873-03S,772,772,RC-1405-0026,1,MoldCodeNorm + RequestLetterNoNorm,HIGH
1405-اردیبهشت-197,اردیبهشت,198,197,ML23873-03s,ML23873-03S,772,772,RC-1405-0026,1,MoldCodeNorm + RequestLetterNoNorm,HIGH
1405-اردیبهشت-200,اردیبهشت,201,200,ML23873-03s,ML23873-03S,772,772,RC-1405-0026,1,MoldCodeNorm + RequestLetterNoNorm,HIGH
1405-اردیبهشت-206,اردیبهشت,207,206,ML23873-03s,ML23873-03S,772,772,RC-1405-0026,1,MoldCodeNorm + RequestLetterNoNorm,HIGH
1405-اردیبهشت-239,اردیبهشت,240,239,ML23873-03s,ML23873-03S,772,772,RC-1405-0026,1,MoldCodeNorm + RequestLetterNoNorm,HIGH
1405-اردیبهشت-242,اردیبهشت,243,242,ML23873-03s,ML23873-03S,772,772,RC-1405-0026,1,MoldCodeNorm + RequestLetterNoNorm,HIGH
1405-اردیبهشت-252,اردیبهشت,253,252,ML23873-03s,ML23873-03S,772,772,RC-1405-0026,1,MoldCodeNorm + RequestLetterNoNorm,HIGH
1405-فروردین-22,فروردین,23,22,MT30107,MT30107,740,740,RC-1405-0027,1,MoldCodeNorm + RequestLetterNoNorm,HIGH
1405-فروردین-53,فروردین,54,53,MT30107,MT30107,740,740,RC-1405-0027,1,MoldCodeNorm + RequestLetterNoNorm,HIGH
1405-فروردین-12,فروردین,13,12,MT30107,MT30107,740,740,RC-1405-0027,1,MoldCodeNorm + RequestLetterNoNorm,HIGH
1405-فروردین-14,فروردین,15,14,MT30107,MT30107,740,740,RC-1405-0027,1,MoldCodeNorm + RequestLetterNoNorm,HIGH
1405-اردیبهشت-586,اردیبهشت,587,586,MT30107-01S,MT30107-01S,1971/د/05,1971/د/05,RC-1405-0028,1,MoldCodeNorm + RequestLetterNoNorm,HIGH
1405-اردیبهشت-616,اردیبهشت,617,616,MT30107-01S,MT30107-01S,1971/د/05,1971/د/05,RC-1405-0028,1,MoldCodeNorm + RequestLetterNoNorm,HIGH
1405-اردیبهشت-657,اردیبهشت,658,657,MT30107-01S,MT30107-01S,1971/د/05,1971/د/05,RC-1405-0028,1,MoldCodeNorm + RequestLetterNoNorm,HIGH
1405-اردیبهشت-658,اردیبهشت,659,658,MT30107-01S,MT30107-01S,1971/د/05,1971/د/05,RC-1405-0028,1,MoldCodeNorm + RequestLetterNoNorm,HIGH
1405-اردیبهشت-662,اردیبهشت,663,662,MT30107-01S,MT30107-01S,1971/د/05,1971/د/05,RC-1405-0028,1,MoldCodeNorm + RequestLetterNoNorm,HIGH
1405-فروردین-33,فروردین,34,33,MT30181-01s,MT30181-01S,732,732,RC-1405-0029,1,MoldCodeNorm + RequestLetterNoNorm,HIGH
1405-فروردین-70,فروردین,71,70,MT30181-01s,MT30181-01S,732,732,RC-1405-0029,1,MoldCodeNorm + RequestLetterNoNorm,HIGH
1405-فروردین-73,فروردین,74,73,MT30181-01s,MT30181-01S,732,732,RC-1405-0029,1,MoldCodeNorm + RequestLetterNoNorm,HIGH
1405-فروردین-78,فروردین,79,78,MT30181-01s,MT30181-01S,732,732,RC-1405-0029,1,MoldCodeNorm + RequestLetterNoNorm,HIGH
